,yearID,teamID,G,W,WSWin,R,H,SB,ER,E
450,1905,CHA,158,92,N,612,1213,194.0,316,217
467,1906,CHN,155,116,N,705,1316,283.0,270,190
469,1906,CLE,157,89,N,663,1516,203.0,328,217
475,1906,PIT,154,93,N,623,1313,162.0,333,220
483,1907,CHN,155,107,Y,574,1224,235.0,264,211
499,1908,CHN,158,99,Y,624,1267,212.0,341,206
523,1909,PIT,154,110,Y,699,1332,185.0,322,222
571,1912,PIT,152,93,N,751,1493,177.0,439,169
585,1913,PHA,153,96,Y,794,1412,221.0,479,212
586,1913,PHI,159,88,N,693,1433,156.0,509,213
589,1913,SLN,153,51,N,528,1229,171.0,635,219
606,1914,NYA,157,70,N,537,1144,251.0,436,223
607,1914,PHA,158,99,N,749,1392,231.0,434,213
609,1914,PIT,158,69,N,503,1197,147.0,422,223
619,1915,BSN,157,83,N,582,1219,121.0,401,213
621,1915,CHA,155,93,N,717,1269,233.0,378,222
624,1915,CIN,160,71,N,516,1323,156.0,452,224
630,1915,NYA,154,69,N,584,1162,198.0,470,215
632,1915,PHI,153,90,N,589,1216,121.0,331,216
633,1915,PIT,156,73,N,557,1259,182.0,399,214
639,1916,BOS,156,91,Y,550,1246,129.0,389,183
640,1916,BRO,156,94,N,585,1366,187.0,336,224
641,1916,BSN,158,89,N,542,1181,141.0,344,212
642,1916,CHA,155,89,N,601,1277,197.0,370,205
646,1916,DET,155,87,N,670,1371,190.0,465,211
647,1916,NY1,155,86,N,597,1305,206.0,404,217
648,1916,NYA,156,80,N,577,1277,179.0,440,219
655,1917,BOS,157,90,N,555,1243,105.0,347,183
657,1917,BSN,157,72,N,536,1280,155.0,438,224
658,1917,CHA,156,100,Y,656,1281,219.0,342,200
663,1917,NY1,158,98,N,635,1360,162.0,360,208
666,1917,PHI,154,87,N,578,1262,109.0,380,212
669,1917,SLN,154,82,N,531,1271,159.0,469,221
703,1920,BOS,154,72,N,650,1397,98.0,592,183
706,1920,CHA,154,96,N,794,1574,112.0,553,194
708,1920,CIN,154,82,N,639,1432,158.0,448,200
709,1920,CLE,154,98,Y,857,1574,73.0,522,185
711,1920,NY1,155,86,N,682,1427,131.0,438,209
712,1920,NYA,154,95,N,838,1448,64.0,505,193
715,1920,PIT,155,79,N,530,1342,181.0,454,186
719,1921,BOS,154,75,N,668,1440,83.0,603,157
721,1921,BSN,153,79,N,721,1561,94.0,600,199
722,1921,CHA,154,62,N,683,1509,97.0,749,199
723,1921,CHN,153,64,N,668,1553,70.0,665,166
724,1921,CIN,153,70,N,618,1421,117.0,524,193
725,1921,CLE,154,94,N,925,1656,50.0,597,204
727,1921,NY1,153,94,Y,840,1575,137.0,541,187
728,1921,NYA,153,98,N,948,1576,89.0,579,220
731,1921,PIT,154,90,N,692,1533,134.0,498,171
732,1921,SLA,154,81,N,835,1655,92.0,706,224
733,1921,SLN,154,87,N,809,1635,94.0,551,219
735,1922,BOS,154,61,N,598,1392,60.0,656,221
736,1922,BRO,155,76,N,743,1569,79.0,623,208
737,1922,BSN,154,53,N,596,1355,67.0,655,215
738,1922,CHA,155,77,N,691,1463,106.0,614,153
739,1922,CHN,156,80,N,771,1564,97.0,674,202
740,1922,CIN,156,86,N,766,1561,130.0,543,205
741,1922,CLE,155,78,N,768,1544,89.0,705,201
742,1922,DET,155,79,N,828,1641,78.0,660,192
743,1922,NY1,156,93,Y,852,1661,116.0,535,194
744,1922,NYA,154,94,N,758,1504,62.0,525,155
745,1922,PHA,155,65,N,705,1409,60.0,695,218
746,1922,PHI,154,57,N,738,1537,48.0,707,222
747,1922,PIT,155,85,N,865,1698,145.0,613,187
748,1922,SLA,154,93,N,867,1693,132.0,523,196
750,1922,WS1,154,69,N,650,1395,94.0,577,201
754,1923,CHA,156,69,N,692,1463,191.0,629,181
755,1923,CHN,154,83,N,756,1516,181.0,580,208
756,1923,CIN,154,91,N,708,1506,96.0,496,202
758,1923,DET,155,83,N,831,1579,87.0,624,200
759,1923,NY1,153,95,N,854,1610,106.0,597,176
760,1923,NYA,152,98,Y,823,1554,69.0,555,144
762,1923,PHI,155,50,N,748,1528,70.0,816,213
763,1923,PIT,154,87,N,786,1592,154.0,592,179
764,1923,SLA,154,74,N,688,1489,64.0,600,176
766,1923,WS1,155,75,N,720,1436,102.0,608,213
767,1924,BOS,157,67,N,737,1481,79.0,672,207
768,1924,BRO,154,92,N,717,1534,34.0,557,196
769,1924,BSN,154,53,N,520,1355,74.0,683,168
771,1924,CHN,154,81,N,698,1419,137.0,587,218
772,1924,CIN,153,83,N,649,1539,103.0,478,217
773,1924,CLE,153,67,N,755,1580,84.0,660,201
774,1924,DET,156,86,N,849,1604,100.0,649,186
775,1924,NY1,154,93,N,857,1634,82.0,554,186
776,1924,NYA,153,89,N,798,1516,69.0,583,154
777,1924,PHA,152,71,N,685,1459,79.0,656,181
778,1924,PHI,152,55,N,676,1459,57.0,733,175
779,1924,PIT,153,90,N,724,1517,181.0,502,183
780,1924,SLA,153,74,N,769,1543,85.0,687,176
781,1924,SLN,154,65,N,740,1552,86.0,629,191
782,1924,WS1,156,92,Y,755,1558,115.0,513,171
784,1925,BRO,153,68,N,786,1617,37.0,715,209
785,1925,BSN,153,70,N,708,1567,77.0,666,221
786,1925,CHA,154,79,N,811,1482,129.0,660,198
787,1925,CHN,154,68,N,723,1473,94.0,671,198
788,1925,CIN,153,80,N,690,1490,108.0,516,203
789,1925,CLE,155,70,N,782,1613,90.0,684,212
790,1925,DET,156,81,N,903,1621,97.0,708,171
791,1925,NY1,152,86,N,736,1507,79.0,593,198
792,1925,NYA,156,69,N,706,1471,67.0,667,162
793,1925,PHA,153,88,N,831,1659,67.0,594,214
794,1925,PHI,153,68,N,812,1598,48.0,753,211
795,1925,PIT,153,95,Y,912,1651,159.0,582,224
796,1925,SLA,154,82,N,900,1620,85.0,754,219
797,1925,SLN,153,77,N,828,1592,70.0,647,204
798,1925,WS1,152,96,N,829,1577,134.0,558,172
799,1926,BOS,154,46,N,562,1325,48.0,714,182
801,1926,BSN,153,66,N,624,1444,81.0,608,208
802,1926,CHA,155,81,N,730,1508,121.0,573,161
803,1926,CHN,155,82,N,682,1453,85.0,499,162
804,1926,CIN,157,87,N,747,1541,51.0,535,183
805,1926,CLE,154,88,N,738,1529,88.0,519,172
806,1926,DET,157,79,N,793,1547,88.0,683,197
807,1926,NY1,151,74,N,663,1435,94.0,562,186
808,1926,NYA,155,91,N,847,1508,79.0,588,209
809,1926,PHA,150,83,N,677,1359,56.0,449,173
810,1926,PHI,152,58,N,687,1479,47.0,746,223
811,1926,PIT,157,84,N,769,1514,91.0,562,220
813,1926,SLN,156,89,Y,817,1541,83.0,570,198
814,1926,WS1,152,81,N,802,1525,122.0,650,184
815,1927,BOS,154,51,N,597,1348,82.0,716,222
818,1927,CHA,153,70,N,662,1433,90.0,594,180
819,1927,CHN,153,85,N,750,1505,65.0,562,181
820,1927,CIN,153,75,N,643,1439,62.0,538,165
821,1927,CLE,153,66,N,668,1471,63.0,642,202
822,1927,DET,156,82,N,845,1533,141.0,638,209
823,1927,NY1,155,92,N,817,1594,73.0,609,195
824,1927,NYA,155,110,Y,975,1644,90.0,494,196
825,1927,PHA,155,91,N,841,1606,98.0,610,194
826,1927,PHI,155,51,N,678,1487,68.0,807,168
827,1927,PIT,156,94,N,817,1648,65.0,563,187
829,1927,SLN,153,92,N,754,1450,110.0,542,213
830,1927,WS1,157,85,N,782,1549,133.0,618,194
831,1928,BOS,154,57,N,589,1356,99.0,659,172
832,1928,BRO,155,77,N,665,1393,81.0,504,217
833,1928,BSN,153,50,N,631,1439,60.0,730,193
834,1928,CHA,155,72,N,656,1405,139.0,609,184
835,1928,CHN,154,91,N,714,1460,83.0,521,156
836,1928,CIN,153,78,N,648,1449,83.0,600,162
837,1928,CLE,155,62,N,674,1535,50.0,684,221
838,1928,DET,154,68,N,744,1476,113.0,659,212
839,1928,NY1,155,93,N,807,1600,62.0,568,178
840,1928,NYA,154,101,Y,894,1578,51.0,571,199
841,1928,PHA,153,98,N,829,1540,59.0,510,183
842,1928,PHI,152,43,N,660,1396,53.0,835,179
843,1928,PIT,152,85,N,837,1659,64.0,594,201
844,1928,SLA,154,82,N,772,1431,76.0,637,184
845,1928,SLN,154,95,N,807,1505,82.0,531,152
846,1928,WS1,155,75,N,718,1510,110.0,597,180
847,1929,BOS,155,58,N,605,1377,85.0,672,218
848,1929,BRO,153,70,N,755,1535,80.0,742,192
849,1929,BSN,154,56,N,657,1481,65.0,769,204
850,1929,CHA,152,59,N,627,1406,109.0,665,190
851,1929,CHN,156,98,N,982,1655,103.0,646,154
852,1929,CIN,155,66,N,686,1478,134.0,671,162
853,1929,CLE,152,81,N,717,1525,75.0,608,198
855,1929,NY1,152,84,N,897,1594,85.0,605,158
856,1929,NYA,154,88,N,899,1587,51.0,636,179
857,1929,PHA,151,104,Y,901,1539,61.0,519,148
858,1929,PHI,154,71,N,897,1693,59.0,918,189
859,1929,PIT,154,88,N,904,1663,94.0,668,181
860,1929,SLA,154,79,N,733,1426,72.0,622,156
861,1929,SLN,154,78,N,831,1569,72.0,704,174
862,1929,WS1,153,71,N,730,1445,86.0,653,191
863,1930,BOS,154,52,N,612,1393,42.0,707,194
864,1930,BRO,154,86,N,871,1654,53.0,614,169
865,1930,BSN,154,70,N,693,1503,69.0,743,178
867,1930,CHN,156,90,N,998,1722,70.0,748,170
868,1930,CIN,154,59,N,665,1475,48.0,754,161
870,1930,DET,154,75,N,783,1504,98.0,706,188
871,1930,NY1,154,87,N,959,1769,59.0,698,164
872,1930,NYA,154,86,N,1062,1683,91.0,741,208
873,1930,PHA,154,102,Y,951,1573,48.0,652,145
875,1930,PIT,154,80,N,891,1622,76.0,792,216
876,1930,SLA,154,64,N,751,1415,93.0,772,189
877,1930,SLN,154,92,N,1004,1732,72.0,673,183
878,1930,WS1,154,94,N,892,1620,101.0,602,155
879,1931,BOS,153,62,N,625,1409,42.0,698,187
880,1931,BRO,153,79,N,681,1464,45.0,579,187
881,1931,BSN,156,64,N,533,1367,46.0,598,167
883,1931,CHN,156,84,N,828,1578,49.0,611,169
884,1931,CIN,154,58,N,592,1439,24.0,631,165
886,1931,DET,154,61,N,651,1456,117.0,706,221
887,1931,NY1,153,87,N,768,1554,83.0,499,159
888,1931,NYA,155,94,N,1067,1667,138.0,658,167
889,1931,PHA,153,107,N,858,1544,25.0,526,140
890,1931,PHI,155,66,N,684,1502,42.0,692,204
891,1931,PIT,155,75,N,636,1425,59.0,565,193
893,1931,SLN,154,101,Y,815,1554,114.0,531,160
894,1931,WS1,156,92,N,843,1588,72.0,582,142
896,1932,BRO,154,81,N,752,1538,61.0,654,182
897,1932,BSN,155,77,N,649,1460,36.0,555,152
899,1932,CHN,154,90,N,720,1519,48.0,535,173
900,1932,CIN,155,60,N,575,1429,35.0,587,178
901,1932,CLE,153,87,N,845,1544,52.0,630,189
902,1932,DET,153,76,N,799,1479,103.0,651,186
903,1932,NY1,154,72,N,755,1527,31.0,585,191
904,1932,NYA,156,107,Y,1002,1564,77.0,623,190
905,1932,PHA,154,94,N,981,1606,38.0,685,123
906,1932,PHI,154,78,N,844,1608,71.0,687,194
907,1932,PIT,154,86,N,701,1543,71.0,574,185
908,1932,SLA,154,63,N,736,1502,69.0,766,187
909,1932,SLN,156,72,N,684,1467,92.0,616,168
910,1932,WS1,154,93,N,840,1565,70.0,639,125
912,1933,BRO,157,65,N,617,1413,82.0,574,177
913,1933,BSN,156,83,N,552,1320,25.0,461,130
914,1933,CHA,151,67,N,683,1448,43.0,678,186
915,1933,CHN,154,86,N,646,1422,52.0,443,168
916,1933,CIN,153,58,N,496,1267,30.0,514,177
917,1933,CLE,151,75,N,654,1366,36.0,556,157
918,1933,DET,155,75,N,722,1479,68.0,614,178
919,1933,NY1,156,91,Y,636,1437,31.0,424,178
920,1933,NYA,152,91,N,927,1495,76.0,656,164
921,1933,PHA,152,79,N,875,1519,34.0,718,203
922,1933,PHI,152,60,N,607,1439,55.0,644,183
923,1933,PIT,154,87,N,667,1548,34.0,499,166
924,1933,SLA,153,55,N,669,1337,72.0,728,150
925,1933,SLN,154,82,N,687,1486,99.0,517,160
926,1933,WS1,153,99,N,850,1586,65.0,590,133
927,1934,BOS,153,76,N,820,1465,116.0,653,189
928,1934,BRO,153,71,N,748,1526,55.0,674,180
929,1934,BSN,152,78,N,683,1460,30.0,621,169
930,1934,CHA,153,53,N,704,1395,36.0,815,207
931,1934,CHN,152,86,N,705,1494,59.0,569,137
932,1934,CIN,152,52,N,590,1428,34.0,654,181
933,1934,CLE,154,85,N,814,1550,52.0,650,170
934,1934,DET,154,101,N,958,1644,125.0,618,156
935,1934,NY1,153,93,N,760,1485,19.0,486,179
936,1934,NYA,154,94,N,842,1494,71.0,577,160
937,1934,PHA,153,68,N,764,1491,57.0,744,196
939,1934,PIT,151,74,N,735,1541,44.0,620,145
940,1934,SLA,154,67,N,674,1417,43.0,674,187
941,1934,SLN,154,95,Y,799,1582,69.0,568,166
942,1934,WS1,155,66,N,729,1512,47.0,718,161
943,1935,BOS,154,78,N,718,1458,91.0,619,190
944,1935,BRO,154,70,N,711,1496,60.0,637,188
945,1935,BSN,153,38,N,575,1396,20.0,729,197
946,1935,CHA,153,74,N,738,1460,46.0,662,145
947,1935,CHN,154,100,N,847,1581,66.0,505,186
948,1935,CIN,154,68,N,646,1403,72.0,648,204
949,1935,CLE,156,82,N,776,1573,63.0,644,174
950,1935,DET,152,93,Y,919,1573,70.0,579,126
951,1935,NY1,156,91,N,770,1608,32.0,589,174
955,1935,PIT,153,86,N,743,1543,30.0,519,190
956,1935,SLA,155,65,N,718,1446,45.0,807,186
957,1935,SLN,154,96,N,829,1548,71.0,541,163
958,1935,WS1,154,67,N,823,1591,54.0,804,171
959,1936,BOS,155,74,N,775,1485,55.0,669,162
960,1936,BRO,156,67,N,662,1518,55.0,620,202
961,1936,BSN,157,71,N,631,1450,23.0,619,189
962,1936,CHA,153,81,N,920,1597,66.0,767,168
963,1936,CHN,154,87,N,755,1545,68.0,544,146
964,1936,CIN,154,74,N,722,1476,68.0,641,191
965,1936,CLE,157,80,N,921,1715,66.0,745,182
966,1936,DET,154,83,N,921,1638,73.0,756,154
967,1936,NY1,154,92,N,742,1529,31.0,532,168
968,1936,NYA,155,102,Y,1065,1676,77.0,649,163
969,1936,PHA,154,53,N,714,1443,59.0,913,208
971,1936,PIT,156,84,N,804,1596,37.0,603,199
972,1936,SLA,155,57,N,804,1502,62.0,935,188
973,1936,SLN,155,87,N,795,1554,69.0,694,154
974,1936,WS1,153,82,N,889,1601,104.0,684,182
975,1937,BOS,154,80,N,821,1506,79.0,680,175
976,1937,BRO,155,62,N,616,1401,69.0,625,216
977,1937,BSN,152,79,N,579,1265,45.0,486,157
978,1937,CHA,154,86,N,780,1478,70.0,626,174
979,1937,CHN,154,93,N,811,1537,71.0,609,151
980,1937,CIN,155,56,N,612,1329,53.0,595,208
981,1937,CLE,156,83,N,817,1499,78.0,665,157
982,1937,DET,155,89,N,935,1611,89.0,746,147
983,1937,NY1,152,95,N,732,1484,45.0,519,159
984,1937,NYA,157,102,Y,979,1554,60.0,566,169
985,1937,PHA,154,54,N,699,1398,95.0,719,198
986,1937,PHI,155,61,N,724,1482,66.0,770,184
987,1937,PIT,154,86,N,704,1550,32.0,540,181
988,1937,SLA,156,46,N,715,1573,30.0,909,174
989,1937,SLN,157,81,N,789,1543,78.0,616,164
990,1937,WS1,158,73,N,757,1559,61.0,711,170
991,1938,BOS,150,88,N,902,1566,55.0,652,187
992,1938,BRO,151,69,N,704,1322,66.0,602,157
993,1938,BSN,153,77,N,561,1311,49.0,521,173
995,1938,CHN,154,89,N,713,1435,49.0,523,135
996,1938,CIN,151,82,N,723,1495,19.0,548,169
997,1938,CLE,153,86,N,847,1506,83.0,692,152
998,1938,DET,155,84,N,862,1434,76.0,717,147
999,1938,NY1,152,83,N,705,1424,31.0,543,168
1000,1938,NYA,157,99,Y,966,1480,91.0,600,169
1001,1938,PHA,154,53,N,726,1410,65.0,806,204
1002,1938,PHI,151,45,N,550,1318,38.0,728,201
1003,1938,PIT,152,86,N,707,1511,47.0,530,163
1004,1938,SLA,156,55,N,755,1498,51.0,866,145
1005,1938,SLN,156,71,N,725,1542,55.0,591,199
1006,1938,WS1,152,75,N,814,1602,65.0,746,179
1007,1939,BOS,152,89,N,890,1543,42.0,684,179
1008,1939,BRO,157,84,N,708,1420,59.0,570,176
1009,1939,BSN,152,63,N,572,1395,41.0,560,181
1010,1939,CHA,155,85,N,755,1451,113.0,659,167
1011,1939,CHN,156,84,N,724,1407,61.0,588,186
1012,1939,CIN,156,97,N,767,1493,46.0,510,159
1013,1939,CLE,154,87,N,797,1490,72.0,618,180
1014,1939,DET,155,81,N,849,1487,88.0,652,198
1015,1939,NY1,151,77,N,703,1395,26.0,596,153
1016,1939,NYA,152,106,Y,967,1521,72.0,496,126
1017,1939,PHA,153,55,N,711,1438,60.0,863,210
1018,1939,PHI,152,45,N,553,1341,47.0,762,171
1019,1939,PIT,153,68,N,666,1453,44.0,624,168
1020,1939,SLA,156,43,N,733,1453,48.0,916,199
1021,1939,SLN,155,92,N,779,1601,44.0,552,177
1022,1939,WS1,153,65,N,702,1483,94.0,692,205
1023,1940,BOS,154,82,N,872,1566,55.0,749,173
1024,1940,BRO,156,88,N,697,1421,56.0,557,183
1025,1940,BSN,152,65,N,623,1366,48.0,658,183
1026,1940,CHA,155,82,N,735,1499,52.0,576,185
1027,1940,CHN,154,75,N,681,1441,63.0,548,199
1028,1940,CIN,155,100,Y,707,1427,72.0,477,117
1029,1940,CLE,155,89,N,710,1422,53.0,555,148
1030,1940,DET,155,90,N,888,1549,66.0,613,194
1031,1940,NY1,152,72,N,663,1423,45.0,573,139
1032,1940,NYA,155,88,N,817,1371,59.0,593,152
1034,1940,PHI,153,50,N,494,1225,25.0,663,181
1035,1940,PIT,156,78,N,809,1511,69.0,672,217
1036,1940,SLA,156,67,N,757,1423,51.0,781,158
1037,1940,SLN,156,84,N,747,1514,97.0,594,174
1038,1940,WS1,154,64,N,665,1453,94.0,688,192
1039,1941,BOS,155,84,N,865,1517,67.0,639,169
1040,1941,BRO,157,100,N,800,1494,36.0,496,162
1041,1941,BSN,156,62,N,592,1357,61.0,608,190
1042,1941,CHA,156,77,N,638,1376,91.0,554,180
1043,1941,CHN,155,70,N,666,1323,39.0,564,180
1044,1941,CIN,154,88,N,616,1288,68.0,488,150
1045,1941,CLE,155,75,N,677,1350,63.0,597,142
1046,1941,DET,155,75,N,686,1412,43.0,641,186
1047,1941,NY1,156,74,N,667,1401,36.0,609,160
1048,1941,NYA,156,101,Y,830,1464,51.0,548,165
1049,1941,PHA,154,64,N,713,1431,27.0,733,200
1050,1941,PHI,155,43,N,501,1277,65.0,686,186
1051,1941,PIT,156,81,N,690,1417,59.0,531,194
1052,1941,SLA,157,70,N,765,1440,50.0,728,151
1053,1941,SLN,155,97,N,734,1482,47.0,502,171
1054,1941,WS1,156,70,N,728,1502,79.0,671,188
1055,1942,BOS,152,93,N,761,1451,68.0,519,157
1056,1942,BRO,155,104,N,742,1398,81.0,441,138
1057,1942,BSN,150,59,N,515,1216,49.0,557,139
1059,1942,CHN,155,68,N,591,1360,63.0,560,169
1060,1942,CIN,154,76,N,527,1216,42.0,442,175
1061,1942,CLE,156,75,N,590,1344,69.0,559,163
1062,1942,DET,156,73,N,589,1313,39.0,487,193
1063,1942,NY1,154,85,N,675,1323,39.0,504,137
1064,1942,NYA,154,103,N,801,1429,69.0,445,142
1065,1942,PHA,154,55,N,549,1315,44.0,679,188
1066,1942,PHI,151,42,N,394,1174,37.0,614,193
1067,1942,PIT,151,66,N,585,1250,41.0,537,182
1068,1942,SLA,151,82,N,730,1354,37.0,544,167
1069,1942,SLN,156,106,Y,755,1454,71.0,399,169
1070,1942,WS1,151,62,N,653,1364,98.0,685,222
1071,1943,BOS,155,68,N,563,1314,86.0,547,153
1072,1943,BRO,153,81,N,716,1444,58.0,590,167
1073,1943,BSN,153,68,N,465,1213,56.0,504,178
1074,1943,CHA,155,82,N,573,1297,173.0,498,166
1075,1943,CHN,154,74,N,632,1380,53.0,510,167
1076,1943,CIN,155,87,N,608,1362,49.0,488,121
1077,1943,CLE,153,82,N,600,1344,47.0,492,157
1078,1943,DET,155,78,N,632,1401,40.0,470,177
1079,1943,NY1,156,55,N,558,1309,35.0,632,167
1080,1943,NYA,155,98,Y,669,1350,46.0,461,160
1081,1943,PHA,155,49,N,497,1219,55.0,627,162
1082,1943,PHI,157,64,N,571,1321,29.0,586,187
1083,1943,PIT,157,80,N,669,1401,64.0,480,170
1084,1943,SLA,153,72,N,596,1269,37.0,525,152
1085,1943,SLN,157,105,N,679,1515,40.0,407,151
1086,1943,WS1,153,84,N,666,1328,142.0,490,179
1087,1944,BOS,156,77,N,739,1456,60.0,592,172
1088,1944,BRO,155,63,N,690,1450,45.0,711,197
1089,1944,BSN,155,65,N,593,1299,37.0,566,182
1090,1944,CHA,154,71,N,543,1307,66.0,553,183
1091,1944,CHN,157,75,N,702,1425,53.0,558,185
1092,1944,CIN,155,89,N,573,1340,51.0,461,138
1093,1944,CLE,155,72,N,643,1458,48.0,575,164
1094,1944,DET,156,88,N,658,1405,61.0,481,190
1095,1944,NY1,155,67,N,682,1398,39.0,650,179
1096,1944,NYA,154,83,N,674,1410,91.0,524,156
1097,1944,PHA,155,72,N,525,1364,42.0,506,174
1098,1944,PHI,154,61,N,539,1331,32.0,564,177
1099,1944,PIT,158,90,N,744,1441,87.0,540,191
1100,1944,SLA,154,89,N,684,1328,44.0,492,171
1101,1944,SLN,157,105,Y,772,1507,37.0,423,112
1102,1944,WS1,154,64,N,592,1386,127.0,536,218
1103,1945,BOS,157,71,N,599,1393,72.0,587,168
1105,1945,BSN,154,67,N,721,1453,82.0,624,193
1106,1945,CHA,150,71,N,596,1330,78.0,545,180
1107,1945,CHN,155,98,N,735,1465,69.0,452,119
1108,1945,CIN,154,61,N,536,1317,71.0,607,146
1110,1945,DET,155,88,Y,633,1345,60.0,463,158
1111,1945,NY1,154,78,N,668,1439,38.0,620,166
1112,1945,NYA,152,81,N,676,1343,64.0,519,175
1113,1945,PHA,153,52,N,494,1297,25.0,555,152
1115,1945,PIT,155,82,N,753,1425,81.0,579,178
1116,1945,SLA,154,81,N,597,1302,25.0,482,143
1117,1945,SLN,155,95,N,756,1498,55.0,507,136
1118,1945,WS1,156,87,N,622,1375,110.0,458,183
1119,1946,BOS,156,104,N,792,1441,45.0,524,139
1120,1946,BRO,157,96,N,701,1376,100.0,481,174
1121,1946,BSN,154,81,N,630,1377,60.0,510,169
1122,1946,CHA,155,74,N,562,1364,78.0,479,173
1123,1946,CHN,155,82,N,626,1344,43.0,501,146
1124,1946,CIN,156,67,N,523,1262,82.0,484,152
1125,1946,CLE,156,68,N,537,1285,57.0,558,147
1126,1946,DET,155,92,N,704,1373,65.0,502,155
1127,1946,NY1,154,61,N,612,1326,46.0,589,159
1128,1946,NYA,154,87,N,684,1275,48.0,473,147
1129,1946,PHA,155,49,N,529,1317,39.0,582,167
1130,1946,PHI,155,69,N,560,1351,41.0,607,147
1131,1946,PIT,155,63,N,552,1300,48.0,566,184
1132,1946,SLA,156,66,N,621,1350,23.0,607,159
1133,1946,SLN,156,98,Y,712,1426,58.0,467,123
1134,1946,WS1,155,76,N,608,1388,51.0,580,211
1135,1947,BOS,157,83,N,720,1412,41.0,589,137
1136,1947,BRO,155,94,N,774,1428,88.0,584,129
1137,1947,BSN,154,86,N,701,1444,58.0,548,153
1138,1947,CHA,155,70,N,553,1350,91.0,563,155
1139,1947,CHN,155,69,N,567,1373,22.0,614,150
1140,1947,CIN,154,73,N,681,1372,46.0,669,136
1141,1947,CLE,157,80,N,687,1392,29.0,536,104
1142,1947,DET,158,85,N,714,1363,52.0,555,155
1143,1947,NY1,155,81,N,830,1446,29.0,672,155
1144,1947,NYA,155,97,Y,794,1439,27.0,518,109
1145,1947,PHA,156,78,N,633,1311,37.0,542,143
1146,1947,PHI,155,62,N,589,1354,60.0,599,152
1147,1947,PIT,156,62,N,744,1385,30.0,714,149
1148,1947,SLA,154,59,N,564,1238,69.0,657,134
1149,1947,SLN,156,89,N,780,1462,28.0,548,127
1150,1947,WS1,154,64,N,496,1234,53.0,601,142
1151,1948,BOS,155,96,N,907,1471,38.0,653,116
1152,1948,BRO,155,84,N,744,1393,114.0,580,160
1153,1948,BSN,154,91,N,739,1458,43.0,520,143
1154,1948,CHA,154,51,N,559,1303,46.0,731,154
1155,1948,CHN,155,64,N,597,1402,39.0,602,172
1156,1948,CIN,153,64,N,588,1266,42.0,667,153
1157,1948,CLE,156,97,Y,840,1534,54.0,504,114
1158,1948,DET,154,78,N,700,1396,22.0,635,155
1159,1948,NY1,155,78,N,780,1352,51.0,600,156
1160,1948,NYA,154,94,N,857,1480,24.0,569,120
1161,1948,PHA,154,84,N,729,1345,40.0,673,113
1162,1948,PHI,155,66,N,591,1367,68.0,617,210
1163,1948,PIT,156,83,N,706,1388,68.0,632,135
1164,1948,SLA,155,59,N,671,1438,63.0,764,168
1165,1948,SLN,155,85,N,742,1396,24.0,594,118
1166,1948,WS1,154,56,N,578,1245,76.0,701,154
1167,1949,BOS,155,96,N,896,1500,43.0,607,120
1168,1949,BRO,156,97,N,879,1477,117.0,594,124
1169,1949,BSN,157,75,N,706,1376,28.0,621,149
1170,1949,CHA,154,63,N,648,1340,62.0,651,135
1171,1949,CHN,154,61,N,593,1336,53.0,678,187
1172,1949,CIN,156,62,N,627,1423,31.0,676,136
1173,1949,CLE,154,89,N,675,1358,44.0,516,103
1174,1949,DET,155,87,N,751,1405,39.0,584,132
1175,1949,NY1,156,73,N,736,1383,43.0,583,163
1176,1949,NYA,155,97,Y,829,1396,58.0,562,137
1177,1949,PHA,154,81,N,726,1331,36.0,642,140
1178,1949,PHI,154,81,N,662,1349,27.0,601,158
1179,1949,PIT,154,71,N,681,1350,48.0,689,132
1180,1949,SLA,155,53,N,667,1301,38.0,776,165
1181,1949,SLN,157,96,N,766,1513,17.0,538,142
1182,1949,WS1,154,50,N,584,1330,46.0,762,161
1183,1950,BOS,154,94,N,1027,1665,32.0,739,111
1184,1950,BRO,155,89,N,847,1461,77.0,661,127
1185,1950,BSN,156,83,N,785,1411,71.0,637,182
1186,1950,CHA,156,60,N,625,1368,19.0,669,135
1187,1950,CHN,154,64,N,643,1298,46.0,652,198
1188,1950,CIN,153,66,N,654,1366,37.0,651,140
1189,1950,CLE,155,92,N,806,1417,40.0,574,129
1190,1950,DET,157,95,N,837,1518,23.0,644,120
1191,1950,NY1,154,86,N,735,1352,42.0,567,137
1192,1950,NYA,155,98,Y,914,1511,41.0,633,119
1193,1950,PHA,154,52,N,670,1361,42.0,821,155
1194,1950,PHI,157,91,N,722,1440,33.0,547,151
1195,1950,PIT,154,57,N,681,1404,43.0,754,136
1196,1950,SLA,154,58,N,684,1269,39.0,789,196
1197,1950,SLN,153,78,N,693,1353,23.0,598,130
1198,1950,WS1,155,67,N,690,1365,42.0,706,167
1199,1951,BOS,154,87,N,804,1428,20.0,644,138
1200,1951,BRO,158,97,N,855,1511,89.0,613,128
1201,1951,BSN,155,76,N,723,1385,80.0,579,145
1202,1951,CHA,155,81,N,714,1453,99.0,551,151
1203,1951,CHN,155,62,N,614,1327,63.0,668,181
1204,1951,CIN,155,68,N,559,1309,44.0,571,140
1205,1951,CLE,155,93,N,696,1346,52.0,522,134
1206,1951,DET,154,73,N,685,1413,37.0,660,163
1207,1951,NY1,157,98,N,781,1396,55.0,546,170
1208,1951,NYA,154,98,Y,798,1395,78.0,541,144
1209,1951,PHA,154,70,N,736,1381,47.0,674,135
1210,1951,PHI,154,73,N,648,1384,63.0,586,138
1211,1951,PIT,155,64,N,689,1372,29.0,734,170
1212,1951,SLA,154,52,N,611,1288,35.0,789,171
1213,1951,SLN,155,81,N,683,1404,30.0,609,125
1214,1951,WS1,154,62,N,672,1399,45.0,681,160
1215,1952,BOS,154,76,N,668,1338,59.0,579,143
1216,1952,BRO,155,96,N,775,1380,90.0,549,105
1217,1952,BSN,155,64,N,569,1214,58.0,586,153
1218,1952,CHA,156,81,N,610,1337,61.0,511,123
1219,1952,CHN,155,77,N,628,1408,50.0,551,146
1220,1952,CIN,154,69,N,615,1303,32.0,607,107
1221,1952,CLE,155,93,N,763,1399,46.0,519,155
1222,1952,DET,156,50,N,557,1278,27.0,655,149
1223,1952,NY1,154,92,N,722,1337,30.0,547,153
1224,1952,NYA,154,95,Y,727,1411,52.0,482,127
1225,1952,PHA,155,79,N,664,1305,52.0,638,140
1226,1952,PHI,154,87,N,657,1353,60.0,473,150
1227,1952,PIT,155,42,N,515,1201,43.0,704,181
1228,1952,SLA,155,64,N,604,1340,30.0,640,155
1229,1952,SLN,154,88,N,677,1386,33.0,553,141
1230,1952,WS1,157,78,N,598,1282,48.0,535,130
1231,1953,BOS,153,84,N,656,1385,33.0,546,147
1232,1953,BRO,155,105,N,955,1529,90.0,629,118
1233,1953,CHA,156,89,N,716,1345,73.0,532,125
1234,1953,CHN,155,65,N,633,1372,49.0,723,193
1235,1953,CIN,155,68,N,714,1396,25.0,704,129
1236,1953,CLE,155,92,N,770,1426,33.0,555,126
1237,1953,DET,158,60,N,695,1479,30.0,825,131
1238,1953,ML1,157,92,N,738,1422,46.0,509,143
1239,1953,NY1,155,70,N,768,1452,31.0,645,150
1240,1953,NYA,151,99,Y,801,1420,34.0,483,126
1241,1953,PHA,157,59,N,632,1398,41.0,731,136
1242,1953,PHI,156,83,N,716,1400,42.0,578,147
1243,1953,PIT,154,50,N,622,1297,41.0,788,163
1244,1953,SLA,154,54,N,555,1310,17.0,688,152
1245,1953,SLN,157,83,N,768,1474,18.0,651,138
1246,1953,WS1,152,76,N,687,1354,65.0,547,120
1247,1954,BAL,154,54,N,483,1309,30.0,592,147
1248,1954,BOS,156,69,N,700,1436,51.0,629,176
1249,1954,BRO,154,92,N,778,1418,46.0,667,129
1250,1954,CHA,155,94,N,711,1382,98.0,469,108
1251,1954,CHN,154,64,N,700,1412,46.0,689,154
1252,1954,CIN,154,74,N,729,1369,47.0,684,137
1253,1954,CLE,156,111,N,746,1368,30.0,438,128
1254,1954,DET,155,68,N,584,1351,48.0,585,127
1255,1954,ML1,154,89,N,670,1395,54.0,494,116
1256,1954,NY1,154,97,Y,732,1386,30.0,477,154
1257,1954,NYA,155,103,N,805,1400,34.0,500,127
1258,1954,PHA,156,51,N,542,1228,30.0,789,166
1259,1954,PHI,154,75,N,659,1384,30.0,544,145
1260,1954,PIT,154,53,N,557,1260,21.0,736,173
1261,1954,SLN,154,72,N,799,1518,63.0,695,146
1262,1954,WS1,155,66,N,632,1292,37.0,590,137
1263,1955,BAL,156,57,N,540,1263,34.0,649,162
1264,1955,BOS,154,84,N,755,1392,43.0,572,136
1265,1955,BRO,154,98,Y,857,1406,79.0,563,133
1266,1955,CHA,155,91,N,725,1401,69.0,516,111
1267,1955,CHN,154,72,N,626,1287,37.0,638,147
1268,1955,CIN,154,75,N,761,1424,51.0,598,139
1269,1955,CLE,154,93,N,698,1325,28.0,522,108
1270,1955,DET,154,79,N,775,1407,41.0,581,139
1271,1955,KC1,155,63,N,638,1395,22.0,822,146
1272,1955,ML1,154,85,N,743,1377,42.0,592,152
1273,1955,NY1,154,80,N,702,1377,38.0,581,141
1274,1955,NYA,154,96,N,762,1342,55.0,492,128
1275,1955,PHI,154,77,N,675,1300,44.0,592,110
1276,1955,PIT,154,60,N,560,1262,22.0,664,166
1277,1955,SLN,154,68,N,654,1375,64.0,697,146
1278,1955,WS1,154,53,N,598,1277,25.0,695,154
1279,1956,BAL,154,69,N,571,1242,39.0,635,133
1280,1956,BOS,155,84,N,780,1473,28.0,648,169
1281,1956,BRO,154,93,N,720,1315,65.0,543,111
1282,1956,CHA,154,85,N,776,1412,70.0,576,122
1283,1956,CHN,157,60,N,597,1281,55.0,612,143
1284,1956,CIN,155,91,N,775,1406,45.0,594,113
1285,1956,CLE,155,88,N,712,1256,40.0,511,129
1286,1956,DET,155,82,N,789,1494,43.0,622,140
1287,1956,KC1,154,52,N,619,1325,40.0,740,166
1288,1956,ML1,155,92,N,709,1350,29.0,481,130
1289,1956,NY1,154,67,N,540,1268,67.0,579,144
1290,1956,NYA,154,97,Y,857,1433,51.0,557,135
1291,1956,PHI,154,71,N,668,1313,45.0,643,144
1292,1956,PIT,157,66,N,588,1340,24.0,572,162
1293,1956,SLN,156,76,N,678,1443,41.0,612,134
1294,1956,WS1,155,59,N,652,1302,37.0,810,168
1295,1957,BAL,154,76,N,597,1326,57.0,541,109
1296,1957,BOS,154,82,N,721,1380,29.0,593,149
1297,1957,BRO,154,84,N,690,1325,60.0,521,127
1298,1957,CHA,155,90,N,707,1369,109.0,521,107
1299,1957,CHN,156,62,N,628,1312,28.0,644,137
1300,1957,CIN,154,80,N,747,1452,51.0,716,107
1301,1957,CLE,153,76,N,682,1304,40.0,623,147
1302,1957,DET,154,78,N,614,1376,36.0,561,121
1303,1957,KC1,154,59,N,563,1262,35.0,637,125
1304,1957,ML1,155,95,Y,772,1469,35.0,544,120
1305,1957,NY1,154,69,N,643,1349,64.0,623,161
1306,1957,NYA,154,98,N,723,1412,49.0,465,123
1307,1957,PHI,156,77,N,623,1311,57.0,590,136
1308,1957,PIT,155,62,N,586,1447,46.0,601,170
1309,1957,SLN,154,87,N,737,1497,58.0,593,131
1310,1957,WS1,154,55,N,603,1274,13.0,742,128
1311,1958,BAL,154,74,N,521,1233,33.0,517,114
1312,1958,BOS,155,79,N,697,1335,29.0,601,145
1313,1958,CHA,155,82,N,634,1348,101.0,557,113
1314,1958,CHN,154,72,N,709,1402,39.0,638,150
1315,1958,CIN,154,76,N,695,1359,61.0,574,99
1316,1958,CLE,153,77,N,694,1340,50.0,569,152
1317,1958,DET,154,77,N,659,1384,48.0,541,106
1318,1958,KC1,156,73,N,642,1297,22.0,645,125
1319,1958,LAN,154,71,N,668,1297,73.0,679,145
1320,1958,ML1,154,92,N,675,1388,26.0,491,119
1321,1958,NYA,155,92,Y,759,1418,48.0,493,128
1322,1958,PHI,154,69,N,664,1424,51.0,671,129
1323,1958,PIT,154,84,N,662,1386,30.0,541,133
1324,1958,SFN,154,80,N,727,1399,64.0,614,152
1325,1958,SLN,154,72,N,619,1371,44.0,632,152
1326,1958,WS1,156,61,N,553,1240,22.0,693,118
1327,1959,BAL,155,74,N,551,1240,36.0,554,147
1328,1959,BOS,154,75,N,726,1335,68.0,632,130
1329,1959,CHA,156,94,N,669,1325,113.0,521,130
1330,1959,CHN,155,74,N,673,1321,32.0,620,140
1331,1959,CIN,154,74,N,764,1448,65.0,650,126
1332,1959,CLE,154,89,N,745,1390,33.0,576,127
1333,1959,DET,154,76,N,713,1346,34.0,635,124
1334,1959,KC1,154,66,N,681,1383,34.0,657,159
1335,1959,LAN,156,88,Y,705,1360,84.0,594,114
1336,1959,ML1,157,86,N,724,1426,41.0,546,123
1337,1959,NYA,155,79,N,687,1397,45.0,560,131
1338,1959,PHI,155,64,N,599,1237,39.0,642,154
1339,1959,PIT,155,78,N,651,1414,32.0,604,154
1340,1959,SFN,154,83,N,705,1377,81.0,531,152
1341,1959,SLN,154,71,N,641,1432,65.0,657,146
1342,1959,WS1,154,63,N,619,1205,51.0,606,162
1343,1960,BAL,154,89,N,682,1307,37.0,538,107
1344,1960,BOS,154,65,N,658,1359,34.0,699,140
1345,1960,CHA,154,87,N,741,1402,122.0,552,109
1346,1960,CHN,156,60,N,634,1293,51.0,678,143
1347,1960,CIN,154,67,N,640,1324,73.0,618,125
1348,1960,CLE,154,76,N,667,1415,58.0,607,126
1349,1960,DET,154,71,N,633,1243,66.0,568,137
1350,1960,KC1,155,58,N,615,1303,16.0,669,127
1351,1960,LAN,154,82,N,662,1333,95.0,528,124
1352,1960,ML1,154,88,N,724,1393,69.0,579,139
1353,1960,NYA,155,97,N,746,1377,37.0,547,129
1354,1960,PHI,154,59,N,546,1235,45.0,613,155
1355,1960,PIT,155,95,Y,734,1493,34.0,543,128
1356,1960,SFN,156,79,N,671,1357,86.0,534,165
1357,1960,SLN,155,86,N,639,1317,48.0,554,141
1358,1960,WS1,154,73,N,672,1283,52.0,589,165
1359,1961,BAL,163,95,N,691,1393,39.0,526,126
1360,1961,BOS,163,76,N,729,1401,56.0,687,143
1361,1961,CHA,163,86,N,765,1475,100.0,653,128
1362,1961,CHN,156,64,N,689,1364,35.0,689,183
1363,1961,CIN,154,93,N,710,1414,70.0,575,134
1364,1961,CLE,161,78,N,737,1493,34.0,665,139
1365,1961,DET,163,101,N,841,1481,98.0,575,146
1366,1961,KC1,162,61,N,683,1342,58.0,745,174
1367,1961,LAA,162,70,N,744,1331,37.0,689,192
1368,1961,LAN,154,89,N,735,1358,86.0,619,136
1369,1961,MIN,161,70,N,707,1353,47.0,681,174
1370,1961,ML1,155,83,N,712,1365,70.0,601,111
1371,1961,NYA,163,109,Y,827,1461,28.0,558,124
1372,1961,PHI,155,47,N,584,1265,56.0,708,144
1373,1961,PIT,154,75,N,694,1448,26.0,593,150
1374,1961,SFN,155,85,N,773,1379,79.0,581,133
1375,1961,SLN,155,80,N,703,1436,46.0,568,166
1376,1961,WS2,161,61,N,618,1307,81.0,670,156
1377,1962,BAL,162,77,N,652,1363,45.0,599,122
1378,1962,BOS,160,76,N,707,1429,39.0,674,128
1379,1962,CHA,162,85,N,707,1415,76.0,601,110
1380,1962,CHN,162,59,N,632,1398,78.0,725,146
1381,1962,CIN,162,98,N,802,1523,66.0,608,143
1382,1962,CLE,162,80,N,682,1341,35.0,663,139
1383,1962,DET,161,85,N,758,1352,69.0,611,156
1384,1962,HOU,162,64,N,592,1370,42.0,618,173
1385,1962,KC1,162,72,N,745,1467,76.0,763,132
1386,1962,LAA,162,86,N,718,1377,46.0,603,175
1387,1962,LAN,165,102,N,842,1510,198.0,599,191
1388,1962,MIN,163,91,N,798,1445,33.0,632,129
1389,1962,ML1,162,86,N,730,1376,57.0,586,123
1390,1962,NYA,162,96,Y,817,1509,42.0,604,131
1391,1962,NYN,161,40,N,617,1318,59.0,801,210
1392,1962,PHI,161,81,N,705,1410,79.0,678,138
1393,1962,PIT,161,93,N,706,1468,50.0,536,152
1394,1962,SFN,165,103,N,878,1552,73.0,615,142
1395,1962,SLN,163,84,N,774,1528,86.0,577,132
1396,1962,WS2,162,60,N,599,1370,99.0,649,139
1397,1963,BAL,162,86,N,644,1359,97.0,557,99
1398,1963,BOS,161,76,N,666,1403,27.0,639,132
1399,1963,CHA,162,94,N,683,1379,64.0,485,130
1400,1963,CHN,162,82,N,570,1286,68.0,499,155
1401,1963,CIN,162,86,N,648,1333,92.0,526,135
1402,1963,CLE,162,79,N,635,1314,59.0,619,143
1403,1963,DET,162,79,N,700,1388,73.0,631,113
1404,1963,HOU,162,66,N,464,1184,39.0,554,162
1405,1963,KC1,162,73,N,615,1356,47.0,635,124
1406,1963,LAA,161,70,N,597,1378,43.0,569,163
1407,1963,LAN,163,99,Y,640,1361,124.0,465,158
1408,1963,MIN,161,91,N,767,1408,32.0,527,144
1409,1963,ML1,163,84,N,677,1345,75.0,534,129
1410,1963,NYA,161,104,N,714,1387,42.0,494,108
1411,1963,NYN,162,51,N,501,1168,41.0,653,208
1412,1963,PHI,162,87,N,642,1390,56.0,500,142
1413,1963,PIT,162,74,N,567,1385,57.0,499,182
1414,1963,SFN,162,88,N,725,1442,55.0,547,156
1415,1963,SLN,162,93,N,747,1540,77.0,540,147
1416,1963,WS2,162,56,N,578,1237,68.0,711,182
1417,1964,BAL,163,97,N,679,1357,78.0,512,95
1418,1964,BOS,162,72,N,688,1425,18.0,711,136
1419,1964,CHA,162,98,N,642,1356,75.0,443,122
1420,1964,CHN,162,76,N,649,1391,70.0,655,162
1421,1964,CIN,163,92,N,660,1383,90.0,500,130
1422,1964,CLE,164,79,N,689,1386,79.0,620,118
1423,1964,DET,163,85,N,699,1394,60.0,620,109
1424,1964,HOU,162,66,N,495,1214,40.0,541,149
1425,1964,KC1,163,57,N,621,1321,34.0,761,154
1426,1964,LAA,162,82,N,544,1297,49.0,469,138
1427,1964,LAN,164,80,N,614,1375,141.0,486,170
1428,1964,MIN,163,79,N,737,1413,46.0,588,145
1429,1964,ML1,162,88,N,803,1522,53.0,656,143
1430,1964,NYA,164,99,N,730,1442,54.0,527,107
1431,1964,NYN,163,53,N,569,1372,36.0,679,166
1432,1964,PHI,162,92,N,693,1415,30.0,545,156
1433,1964,PIT,162,80,N,663,1469,39.0,564,177
1434,1964,SFN,162,90,N,656,1360,64.0,523,159
1435,1964,SLN,162,93,Y,715,1531,73.0,551,172
1436,1964,WS2,162,62,N,578,1246,47.0,635,127
1437,1965,BAL,162,94,N,641,1299,67.0,489,126
1438,1965,BOS,162,62,N,669,1378,47.0,678,159
1439,1965,CAL,162,75,N,527,1279,107.0,508,123
1440,1965,CHA,162,95,N,647,1354,50.0,492,126
1441,1965,CHN,164,72,N,635,1316,65.0,618,171
1442,1965,CIN,162,89,N,825,1544,82.0,628,117
1443,1965,CLE,162,87,N,663,1367,109.0,535,114
1444,1965,DET,162,89,N,680,1278,57.0,542,114
1445,1965,HOU,162,65,N,569,1299,90.0,623,166
1446,1965,KC1,162,59,N,585,1294,110.0,675,139
1447,1965,LAN,162,97,Y,608,1329,172.0,461,134
1448,1965,MIN,162,102,N,774,1396,92.0,508,172
1449,1965,ML1,162,86,N,708,1419,64.0,566,140
1450,1965,NYA,162,77,N,611,1286,35.0,532,137
1451,1965,NYN,164,50,N,495,1202,28.0,656,169
1452,1965,PHI,162,85,N,654,1380,46.0,576,157
1453,1965,PIT,163,90,N,675,1506,51.0,495,152
1454,1965,SFN,163,95,N,682,1384,47.0,521,148
1455,1965,SLN,162,80,N,707,1415,100.0,612,130
1456,1965,WS2,162,70,N,591,1227,30.0,627,143
1457,1966,ATL,163,85,N,782,1476,59.0,601,154
1458,1966,BAL,160,97,Y,755,1426,55.0,541,115
1459,1966,BOS,162,72,N,655,1318,35.0,637,153
1460,1966,CAL,162,80,N,604,1244,80.0,576,136
1461,1966,CHA,163,83,N,574,1235,153.0,439,160
1462,1966,CHN,162,59,N,644,1418,76.0,701,166
1463,1966,CIN,160,76,N,692,1434,70.0,651,122
1464,1966,CLE,162,81,N,574,1300,53.0,526,138
1465,1966,DET,162,88,N,719,1383,41.0,622,117
1466,1966,HOU,163,72,N,612,1405,90.0,603,174
1467,1966,KC1,160,74,N,564,1259,132.0,568,139
1468,1966,LAN,162,95,N,606,1399,94.0,424,133
1469,1966,MIN,162,89,N,663,1341,67.0,500,139
1470,1966,NYA,160,70,N,611,1254,49.0,536,142
1471,1966,NYN,161,66,N,587,1286,55.0,661,159
1472,1966,PHI,162,87,N,696,1448,56.0,579,113
1473,1966,PIT,162,92,N,759,1586,64.0,572,141
1474,1966,SFN,161,93,N,675,1373,29.0,531,168
1475,1966,SLN,162,83,N,571,1377,144.0,504,145
1476,1966,WS2,159,71,N,557,1245,53.0,583,142
1477,1967,ATL,162,77,N,631,1307,55.0,561,138
1478,1967,BAL,161,76,N,654,1312,54.0,537,124
1479,1967,BOS,162,92,N,722,1394,68.0,545,142
1480,1967,CAL,161,84,N,567,1265,40.0,507,111
1481,1967,CHA,162,89,N,531,1209,124.0,406,137
1482,1967,CHN,162,87,N,702,1373,63.0,563,121
1483,1967,CIN,162,87,N,604,1366,92.0,497,121
1484,1967,CLE,162,75,N,559,1282,53.0,533,115
1485,1967,DET,163,91,N,683,1315,37.0,532,130
1486,1967,HOU,162,69,N,626,1372,88.0,647,157
1487,1967,KC1,161,62,N,533,1244,132.0,584,132
1488,1967,LAN,162,73,N,519,1285,56.0,525,160
1489,1967,MIN,164,91,N,671,1309,55.0,510,132
1490,1967,NYA,163,72,N,522,1225,63.0,533,154
1491,1967,NYN,162,61,N,498,1288,58.0,594,157
1492,1967,PHI,162,82,N,612,1306,79.0,500,137
1493,1967,PIT,163,81,N,679,1585,79.0,606,141
1494,1967,SFN,162,91,N,652,1354,22.0,478,134
1495,1967,SLN,161,101,Y,695,1462,102.0,496,140
1496,1967,WS2,161,76,N,550,1211,53.0,553,144
1497,1968,ATL,163,81,N,514,1399,83.0,478,125
1498,1968,BAL,162,91,N,579,1187,78.0,429,120
1499,1968,BOS,162,86,N,614,1253,76.0,535,128
1500,1968,CAL,162,67,N,498,1209,62.0,548,140
1501,1968,CHA,162,67,N,463,1233,90.0,449,151
1502,1968,CHN,163,84,N,612,1319,41.0,551,119
1503,1968,CIN,163,83,N,690,1573,59.0,589,144
1504,1968,CLE,162,86,N,516,1266,115.0,433,126
1505,1968,DET,164,103,Y,671,1292,26.0,448,101
1506,1968,HOU,162,72,N,510,1233,44.0,524,152
1507,1968,LAN,162,76,N,470,1234,57.0,433,144
1508,1968,MIN,162,79,N,562,1274,98.0,460,170
1509,1968,NYA,164,83,N,536,1137,90.0,455,139
1510,1968,NYN,163,73,N,473,1252,72.0,448,133
1511,1968,OAK,163,82,N,569,1300,147.0,475,145
1512,1968,PHI,162,76,N,543,1253,58.0,541,127
1513,1968,PIT,163,80,N,583,1404,130.0,453,139
1514,1968,SFN,163,88,N,599,1301,50.0,442,162
1515,1968,SLN,162,97,N,583,1383,110.0,409,140
1516,1968,WS2,161,65,N,524,1208,29.0,582,148
1517,1969,ATL,162,93,N,691,1411,59.0,567,115
1518,1969,BAL,162,109,N,779,1465,82.0,463,101
1519,1969,BOS,162,87,N,743,1381,41.0,639,157
1520,1969,CAL,163,71,N,528,1221,54.0,566,135
1521,1969,CHA,162,68,N,625,1346,54.0,672,122
1522,1969,CHN,163,92,N,720,1400,30.0,540,136
1523,1969,CIN,163,89,N,798,1558,79.0,669,168
1524,1969,CLE,161,62,N,573,1272,85.0,629,142
1525,1969,DET,162,90,N,701,1316,35.0,535,126
1526,1969,HOU,162,81,N,676,1284,101.0,574,150
1527,1969,KCA,163,69,N,586,1311,129.0,605,156
1528,1969,LAN,162,85,N,645,1405,80.0,499,109
1529,1969,MIN,162,97,N,790,1520,115.0,539,150
1530,1969,MON,162,52,N,582,1300,52.0,686,184
1531,1969,NYA,162,80,N,562,1247,119.0,517,131
1532,1969,NYN,162,100,Y,632,1311,66.0,488,122
1533,1969,OAK,162,88,N,740,1400,100.0,610,137
1534,1969,PHI,162,63,N,645,1304,73.0,660,136
1535,1969,PIT,162,88,N,725,1557,74.0,580,155
1536,1969,SDN,162,52,N,468,1203,45.0,670,155
1537,1969,SE1,163,64,N,639,1276,167.0,707,167
1538,1969,SFN,162,90,N,713,1325,71.0,534,169
1539,1969,SLN,162,87,N,595,1403,87.0,477,138
1540,1969,WS2,162,86,N,694,1365,52.0,561,140
1541,1970,ATL,162,76,N,736,1495,58.0,688,140
1542,1970,BAL,162,108,Y,792,1424,84.0,517,117
1543,1970,BOS,162,87,N,786,1450,50.0,622,156
1544,1970,CAL,162,86,N,631,1391,69.0,565,127
1545,1970,CHA,162,56,N,633,1394,53.0,721,165
1546,1970,CHN,162,84,N,806,1424,39.0,600,137
1547,1970,CIN,162,102,N,775,1498,115.0,592,151
1548,1970,CLE,162,76,N,649,1358,25.0,630,133
1549,1970,DET,162,79,N,666,1282,29.0,658,132
1550,1970,HOU,162,79,N,744,1446,114.0,684,138
1551,1970,KCA,162,65,N,611,1341,97.0,614,152
1552,1970,LAN,161,87,N,749,1515,138.0,619,133
1553,1970,MIN,162,98,N,744,1438,57.0,520,123
1554,1970,ML4,163,65,N,613,1305,91.0,676,136
1555,1970,MON,162,73,N,687,1284,65.0,719,141
1556,1970,NYA,163,93,N,680,1381,105.0,530,130
1557,1970,NYN,162,83,N,695,1358,118.0,559,124
1558,1970,OAK,162,89,N,678,1338,131.0,529,141
1559,1970,PHI,161,73,N,594,1299,72.0,677,112
1560,1970,PIT,162,89,N,729,1522,66.0,597,137
1561,1970,SDN,162,63,N,681,1353,60.0,698,157
1562,1970,SFN,162,86,N,831,1460,83.0,728,170
1563,1970,SLN,162,76,N,744,1497,117.0,665,150
1564,1970,WS2,162,70,N,626,1302,72.0,615,116
1565,1971,ATL,162,82,N,643,1434,57.0,614,146
1566,1971,BAL,158,101,N,742,1382,66.0,470,112
1567,1971,BOS,162,85,N,691,1360,51.0,609,116
1568,1971,CAL,162,76,N,511,1271,72.0,510,131
1569,1971,CHA,162,79,N,617,1346,83.0,503,160
1570,1971,CHN,162,83,N,637,1401,44.0,579,126
1571,1971,CIN,162,79,N,586,1306,59.0,537,103
1572,1971,CLE,162,60,N,543,1303,57.0,685,116
1573,1971,DET,162,91,N,701,1399,35.0,592,106
1574,1971,HOU,162,79,N,585,1319,101.0,512,104
1575,1971,KCA,161,85,N,603,1323,130.0,513,132
1576,1971,LAN,162,89,N,663,1469,76.0,520,131
1577,1971,MIN,160,74,N,654,1406,66.0,599,117
1578,1971,ML4,161,69,N,534,1188,82.0,532,138
1579,1971,MON,162,71,N,622,1312,51.0,656,150
1580,1971,NYA,162,82,N,648,1377,75.0,553,125
1581,1971,NYN,162,83,N,588,1365,89.0,487,112
1582,1971,OAK,161,101,N,691,1383,80.0,498,117
1583,1971,PHI,162,67,N,558,1289,63.0,606,121
1584,1971,PIT,162,97,Y,788,1555,65.0,537,133
1585,1971,SDN,161,61,N,486,1250,70.0,514,161
1586,1971,SFN,162,90,N,706,1348,101.0,536,177
1587,1971,SLN,163,90,N,739,1542,124.0,628,142
1588,1971,WS2,159,63,N,537,1219,68.0,583,141
1589,1972,ATL,155,70,N,628,1363,47.0,653,156
1590,1972,BAL,154,80,N,519,1153,78.0,385,100
1591,1972,BOS,155,85,N,640,1289,66.0,533,130
1592,1972,CAL,155,75,N,454,1249,57.0,468,114
1593,1972,CHA,154,87,N,566,1208,100.0,480,135
1594,1972,CHN,156,85,N,685,1346,69.0,500,132
1595,1972,CIN,154,95,N,707,1317,140.0,504,110
1596,1972,CLE,156,72,N,472,1220,49.0,457,111
1597,1972,DET,156,86,N,558,1206,17.0,456,96
1598,1972,HOU,153,84,N,708,1359,111.0,580,114
1599,1972,KCA,154,76,N,580,1317,85.0,497,116
1600,1972,LAN,155,85,N,584,1349,82.0,433,162
1601,1972,MIN,154,77,N,537,1277,53.0,441,159
1602,1972,ML4,156,65,N,493,1204,64.0,533,139
1603,1972,MON,156,70,N,513,1205,68.0,559,134
1604,1972,NYA,155,79,N,557,1288,71.0,465,134
1605,1972,NYN,156,83,N,528,1154,41.0,512,116
1606,1972,OAK,155,93,Y,604,1248,87.0,406,130
1607,1972,PHI,156,59,N,503,1240,42.0,569,116
1608,1972,PIT,155,96,N,691,1505,49.0,441,136
1609,1972,SDN,153,58,N,488,1181,78.0,589,144
1610,1972,SFN,155,69,N,662,1281,123.0,568,154
1611,1972,SLN,156,75,N,568,1383,104.0,532,140
1612,1972,TEX,154,54,N,461,1092,126.0,539,166
1613,1973,ATL,162,76,N,799,1497,84.0,690,166
1614,1973,BAL,162,97,N,754,1474,146.0,498,119
1615,1973,BOS,162,89,N,738,1472,114.0,584,127
1616,1973,CAL,162,79,N,629,1395,59.0,571,156
1617,1973,CHA,162,77,N,652,1400,83.0,624,144
1618,1973,CHN,161,77,N,614,1322,65.0,584,157
1619,1973,CIN,162,99,N,741,1398,148.0,556,115
1620,1973,CLE,162,71,N,680,1429,60.0,745,138
1621,1973,DET,162,85,N,642,1400,28.0,627,112
1622,1973,HOU,162,82,N,681,1391,92.0,608,112
1623,1973,KCA,162,88,N,755,1440,105.0,675,167
1624,1973,LAN,162,95,N,675,1473,109.0,497,125
1625,1973,MIN,162,81,N,738,1521,87.0,608,139
1626,1973,ML4,162,74,N,708,1399,110.0,643,145
1627,1973,MON,162,79,N,668,1345,77.0,598,163
1628,1973,NYA,162,80,N,641,1435,47.0,530,156
1629,1973,NYN,161,82,N,608,1345,27.0,531,126
1630,1973,OAK,162,94,Y,758,1431,128.0,533,137
1631,1973,PHI,162,71,N,642,1381,51.0,642,134
1632,1973,PIT,162,80,N,704,1465,23.0,601,151
1633,1973,SDN,162,60,N,548,1330,88.0,661,170
1634,1973,SFN,162,88,N,739,1452,112.0,611,163
1635,1973,SLN,162,81,N,643,1418,100.0,527,158
1636,1973,TEX,162,57,N,619,1397,91.0,737,161
1637,1974,ATL,163,88,N,661,1375,72.0,500,132
1638,1974,BAL,162,91,N,659,1418,145.0,536,128
1639,1974,BOS,162,84,N,696,1449,104.0,601,145
1640,1974,CAL,163,68,N,618,1372,119.0,563,147
1641,1974,CHA,163,80,N,684,1492,64.0,641,147
1642,1974,CHN,162,66,N,669,1397,78.0,697,199
1643,1974,CIN,163,98,N,776,1437,146.0,555,134
1644,1974,CLE,162,77,N,662,1395,79.0,610,143
1645,1974,DET,162,72,N,620,1375,67.0,673,158
1646,1974,HOU,162,81,N,653,1441,108.0,557,108
1647,1974,KCA,162,77,N,667,1448,146.0,574,152
1648,1974,LAN,162,102,N,798,1511,149.0,483,157
1649,1974,MIN,163,82,N,673,1530,74.0,588,151
1650,1974,ML4,162,76,N,647,1335,106.0,609,127
1651,1974,MON,161,79,N,662,1355,124.0,572,153
1652,1974,NYA,162,89,N,671,1451,53.0,535,142
1653,1974,NYN,162,71,N,572,1286,43.0,559,158
1654,1974,OAK,162,90,Y,689,1315,164.0,472,141
1655,1974,PHI,162,80,N,676,1434,115.0,629,148
1656,1974,PIT,162,88,N,751,1560,55.0,568,162
1657,1974,SDN,162,60,N,541,1239,85.0,735,170
1658,1974,SFN,162,72,N,634,1380,107.0,604,175
1659,1974,SLN,161,86,N,677,1492,172.0,570,147
1660,1974,TEX,161,84,N,690,1482,113.0,608,163
1661,1975,ATL,161,67,N,583,1323,55.0,621,175
1662,1975,BAL,159,90,N,682,1382,104.0,511,107
1663,1975,BOS,160,95,N,796,1500,66.0,635,135
1664,1975,CAL,161,72,N,628,1324,220.0,628,184
1665,1975,CHA,161,75,N,655,1400,101.0,634,140
1666,1975,CHN,162,75,N,712,1419,67.0,720,178
1667,1975,CIN,162,108,Y,840,1515,168.0,546,102
1668,1975,CLE,159,79,N,688,1409,106.0,612,134
1669,1975,DET,159,57,N,570,1338,63.0,662,173
1670,1975,HOU,162,64,N,664,1401,133.0,654,137
1671,1975,KCA,162,91,N,710,1431,155.0,561,155
1672,1975,LAN,162,88,N,648,1355,138.0,477,127
1673,1975,MIN,159,76,N,724,1497,81.0,640,169
1674,1975,ML4,162,68,N,675,1343,65.0,690,180
1675,1975,MON,162,75,N,601,1346,108.0,612,180
1676,1975,NYA,160,83,N,681,1430,102.0,521,135
1677,1975,NYN,162,82,N,646,1430,32.0,552,151
1678,1975,OAK,162,98,N,758,1376,183.0,526,143
1679,1975,PHI,162,86,N,735,1506,126.0,618,152
1680,1975,PIT,161,92,N,712,1444,49.0,481,151
1681,1975,SDN,162,71,N,552,1324,85.0,566,188
1682,1975,SFN,161,80,N,659,1412,99.0,595,145
1683,1975,SLN,163,82,N,662,1527,116.0,577,171
1684,1975,TEX,162,79,N,714,1431,102.0,628,191
1685,1976,ATL,162,70,N,620,1309,74.0,617,167
1686,1976,BAL,162,88,N,619,1326,150.0,542,118
1687,1976,BOS,162,83,N,716,1448,95.0,570,139
1688,1976,CAL,162,76,N,550,1265,126.0,551,150
1689,1976,CHA,161,64,N,586,1410,120.0,684,130
1690,1976,CHN,162,75,N,611,1386,74.0,642,140
1691,1976,CIN,162,102,Y,857,1599,210.0,574,102
1692,1976,CLE,159,81,N,615,1423,75.0,552,121
1693,1976,DET,161,74,N,609,1401,107.0,615,168
1694,1976,HOU,162,80,N,625,1401,150.0,571,140
1695,1976,KCA,162,90,N,713,1490,218.0,525,139
1696,1976,LAN,162,92,N,608,1371,144.0,493,128
1697,1976,MIN,162,85,N,743,1526,146.0,598,172
1698,1976,ML4,161,66,N,570,1326,62.0,580,152
1699,1976,MON,162,55,N,531,1275,86.0,638,147
1700,1976,NYA,159,97,N,730,1496,163.0,516,126
1701,1976,NYN,162,86,N,615,1334,66.0,473,131
1702,1976,OAK,161,87,N,686,1319,341.0,528,144
1703,1976,PHI,162,101,N,770,1505,127.0,499,115
1704,1976,PIT,162,92,N,708,1499,130.0,547,163
1705,1976,SDN,162,73,N,570,1327,92.0,581,141
1706,1976,SFN,162,74,N,595,1340,88.0,573,183
1707,1976,SLN,162,72,N,629,1432,123.0,581,174
1708,1976,TEX,162,76,N,616,1390,87.0,564,156
1709,1977,ATL,162,61,N,678,1404,82.0,779,175
1710,1977,BAL,161,97,N,719,1433,90.0,603,106
1711,1977,BOS,161,97,N,859,1551,66.0,652,132
1712,1977,CAL,162,74,N,675,1380,159.0,594,147
1713,1977,CHA,162,90,N,844,1568,42.0,682,159
1714,1977,CHN,162,81,N,692,1489,64.0,654,153
1715,1977,CIN,162,88,N,802,1513,170.0,672,95
1716,1977,CLE,161,71,N,676,1476,87.0,661,130
1717,1977,DET,162,74,N,714,1480,60.0,669,140
1718,1977,HOU,162,81,N,680,1405,187.0,576,142
1719,1977,KCA,162,102,N,822,1549,170.0,571,137
1720,1977,LAN,162,98,N,769,1484,114.0,528,124
1721,1977,MIN,161,84,N,867,1588,105.0,699,144
1722,1977,ML4,162,67,N,639,1425,85.0,687,139
1723,1977,MON,162,75,N,665,1474,88.0,660,129
1724,1977,NYA,162,100,Y,831,1576,93.0,581,132
1725,1977,NYN,162,64,N,587,1319,98.0,600,134
1726,1977,OAK,161,63,N,605,1284,176.0,645,190
1727,1977,PHI,162,101,N,847,1548,135.0,600,120
1728,1977,PIT,162,96,N,734,1550,260.0,594,145
1729,1977,SDN,162,69,N,692,1397,133.0,722,189
1730,1977,SEA,162,64,N,624,1398,110.0,769,147
1731,1977,SFN,162,75,N,673,1392,90.0,608,178
1732,1977,SLN,162,83,N,737,1490,134.0,612,139
1733,1977,TEX,162,94,N,767,1497,154.0,582,117
1734,1977,TOR,161,54,N,605,1367,65.0,725,163
1735,1978,ATL,162,69,N,600,1313,90.0,653,153
1736,1978,BAL,161,90,N,659,1397,75.0,565,110
1737,1978,BOS,163,99,N,796,1493,74.0,579,146
1738,1978,CAL,162,87,N,691,1417,86.0,590,136
1739,1978,CHA,161,71,N,634,1423,83.0,659,138
1740,1978,CHN,162,79,N,664,1461,110.0,655,144
1741,1978,CIN,161,92,N,710,1378,137.0,613,134
1742,1978,CLE,159,69,N,639,1400,64.0,621,121
1743,1978,DET,162,86,N,714,1520,90.0,588,117
1744,1978,HOU,162,74,N,605,1408,178.0,581,132
1745,1978,KCA,162,92,N,743,1469,216.0,550,150
1746,1978,LAN,162,95,N,727,1435,137.0,499,140
1747,1978,MIN,162,73,N,666,1472,99.0,598,146
1748,1978,ML4,162,93,N,804,1530,95.0,582,150
1749,1978,MON,162,76,N,633,1404,80.0,549,134
1750,1978,NYA,163,100,Y,735,1489,98.0,516,113
1751,1978,NYN,162,66,N,607,1332,100.0,626,132
1752,1978,OAK,162,69,N,532,1304,144.0,576,179
1753,1978,PHI,162,90,N,708,1404,152.0,531,104
1754,1978,PIT,161,88,N,684,1390,213.0,547,166
1755,1978,SDN,162,84,N,591,1349,152.0,522,160
1756,1978,SEA,160,56,N,614,1327,123.0,736,141
1757,1978,SFN,162,89,N,613,1331,87.0,534,146
1758,1978,SLN,162,69,N,600,1351,97.0,572,136
1759,1978,TEX,162,87,N,692,1353,196.0,544,153
1760,1978,TOR,161,59,N,590,1358,28.0,721,130
1761,1979,ATL,160,66,N,669,1389,98.0,653,183
1762,1979,BAL,159,102,N,757,1401,99.0,519,125
1763,1979,BOS,160,91,N,841,1567,60.0,641,142
1764,1979,CAL,162,88,N,866,1563,100.0,692,135
1765,1979,CHA,160,73,N,730,1505,97.0,642,173
1766,1979,CHN,162,80,N,706,1494,73.0,623,159
1767,1979,CIN,161,90,N,731,1445,99.0,573,124
1768,1979,CLE,161,81,N,760,1388,143.0,727,126
1769,1979,DET,161,85,N,770,1446,176.0,675,120
1770,1979,HOU,162,89,N,583,1382,190.0,514,137
1771,1979,KCA,162,85,N,851,1596,207.0,716,146
1772,1979,LAN,162,79,N,739,1443,106.0,615,118
1773,1979,MIN,162,82,N,764,1544,66.0,663,134
1774,1979,ML4,161,95,N,807,1552,100.0,644,127
1775,1979,MON,160,95,N,701,1445,121.0,505,131
1776,1979,NYA,160,89,N,734,1443,65.0,609,122
1777,1979,NYN,163,63,N,593,1399,135.0,632,140
1778,1979,OAK,162,54,N,573,1276,104.0,754,174
1779,1979,PHI,163,84,N,683,1453,128.0,666,106
1780,1979,PIT,163,98,Y,775,1541,180.0,566,134
1781,1979,SDN,161,68,N,603,1316,100.0,596,140
1782,1979,SEA,162,67,N,711,1490,126.0,732,141
1783,1979,SFN,162,71,N,672,1328,140.0,664,161
1784,1979,SLN,163,86,N,731,1594,116.0,614,132
1785,1979,TEX,162,83,N,750,1549,79.0,616,130
1786,1979,TOR,162,53,N,613,1362,75.0,759,158
1787,1980,ATL,161,81,N,630,1352,73.0,598,162
1788,1980,BAL,162,100,N,805,1523,111.0,590,95
1789,1980,BOS,160,83,N,757,1588,79.0,701,149
1790,1980,CAL,160,65,N,698,1442,91.0,717,134
1791,1980,CHA,162,70,N,587,1408,68.0,625,171
1792,1980,CHN,162,64,N,614,1411,93.0,639,174
1793,1980,CIN,163,89,N,707,1445,156.0,624,106
1794,1980,CLE,160,79,N,738,1517,118.0,743,105
1795,1980,DET,163,84,N,830,1543,75.0,693,129
1796,1980,HOU,163,93,N,637,1455,194.0,510,140
1797,1980,KCA,162,97,N,809,1633,185.0,621,141
1798,1980,LAN,163,92,N,663,1462,123.0,532,123
1799,1980,MIN,161,77,N,670,1468,62.0,634,146
1800,1980,ML4,162,86,N,811,1555,131.0,598,147
1801,1980,MON,162,90,N,694,1407,237.0,563,144
1802,1980,NYA,162,103,N,820,1484,86.0,582,138
1803,1980,NYN,162,67,N,611,1407,158.0,621,154
1804,1980,OAK,162,83,N,686,1424,175.0,566,130
1805,1980,PHI,162,91,Y,728,1517,140.0,564,136
1806,1980,PIT,162,83,N,666,1469,209.0,580,137
1807,1980,SDN,163,73,N,591,1410,239.0,595,131
1808,1980,SEA,163,59,N,610,1359,116.0,709,149
1809,1980,SFN,161,75,N,573,1310,100.0,557,156
1810,1980,SLN,162,74,N,738,1541,117.0,632,122
1811,1980,TEX,163,76,N,756,1616,91.0,648,147
1812,1980,TOR,162,67,N,624,1398,67.0,683,133
1839,1982,ATL,162,89,N,739,1411,151.0,621,137
1840,1982,BAL,163,94,N,774,1478,49.0,648,101
1841,1982,BOS,162,89,N,753,1536,42.0,651,121
1842,1982,CAL,162,93,N,814,1518,55.0,621,106
1843,1982,CHA,162,87,N,786,1523,136.0,619,154
1844,1982,CHN,162,73,N,676,1436,132.0,630,132
1845,1982,CIN,162,61,N,545,1375,131.0,594,128
1846,1982,CLE,162,78,N,683,1458,151.0,670,123
1847,1982,DET,162,83,N,729,1489,93.0,613,115
1848,1982,HOU,162,77,N,569,1342,140.0,549,136
1849,1982,KCA,162,90,N,784,1603,133.0,649,127
1850,1982,LAN,162,88,N,691,1487,151.0,539,139
1851,1982,MIN,162,60,N,657,1427,38.0,752,105
1852,1982,ML4,163,95,N,891,1599,84.0,649,125
1853,1982,MON,162,86,N,697,1454,156.0,537,122
1854,1982,NYA,162,79,N,709,1417,69.0,647,128
1855,1982,NYN,162,65,N,609,1361,137.0,624,175
1856,1982,OAK,162,68,N,691,1286,232.0,734,160
1857,1982,PHI,162,89,N,664,1417,128.0,584,121
1858,1982,PIT,162,84,N,724,1535,161.0,621,145
1859,1982,SDN,162,81,N,675,1435,165.0,577,152
1860,1982,SEA,162,76,N,651,1431,131.0,636,138
1861,1982,SFN,162,87,N,673,1393,130.0,593,173
1862,1982,SLN,162,92,Y,685,1439,200.0,549,124
1863,1982,TEX,162,64,N,590,1354,63.0,681,121
1864,1982,TOR,162,78,N,651,1447,118.0,633,136
1865,1983,ATL,162,88,N,746,1489,146.0,587,137
1866,1983,BAL,162,98,Y,799,1492,61.0,586,121
1867,1983,BOS,162,78,N,724,1512,30.0,697,130
1868,1983,CAL,162,70,N,722,1467,41.0,706,154
1869,1983,CHA,162,99,N,800,1439,165.0,589,120
1870,1983,CHN,162,71,N,701,1436,84.0,647,115
1871,1983,CIN,162,74,N,623,1274,154.0,637,114
1872,1983,CLE,162,70,N,704,1451,109.0,709,122
1873,1983,DET,162,92,N,789,1530,93.0,613,124
1874,1983,HOU,162,85,N,643,1412,164.0,562,147
1875,1983,KCA,163,79,N,696,1515,182.0,679,164
1876,1983,LAN,163,91,N,654,1358,166.0,504,168
1877,1983,MIN,162,70,N,709,1463,44.0,744,118
1878,1983,ML4,162,87,N,764,1556,101.0,649,113
1879,1983,MON,163,82,N,677,1482,138.0,585,116
1880,1983,NYA,162,91,N,770,1535,84.0,624,139
1881,1983,NYN,162,68,N,575,1314,141.0,593,151
1882,1983,OAK,162,74,N,708,1447,235.0,701,157
1883,1983,PHI,163,90,N,696,1352,143.0,542,152
1884,1983,PIT,162,84,N,659,1460,124.0,577,115
1885,1983,SDN,163,81,N,653,1384,179.0,590,129
1886,1983,SEA,162,60,N,558,1280,144.0,649,134
1887,1983,SFN,162,79,N,687,1324,140.0,594,171
1888,1983,SLN,162,79,N,679,1496,207.0,615,152
1889,1983,TEX,163,77,N,639,1429,119.0,539,113
1890,1983,TOR,162,89,N,795,1546,131.0,661,115
1891,1984,ATL,162,80,N,632,1338,140.0,574,139
1892,1984,BAL,162,85,N,681,1374,51.0,593,123
1893,1984,BOS,162,86,N,810,1598,38.0,670,143
1894,1984,CAL,162,81,N,696,1363,80.0,642,128
1895,1984,CHA,162,74,N,679,1360,109.0,667,122
1896,1984,CHN,161,96,N,762,1415,154.0,598,121
1897,1984,CIN,162,70,N,627,1342,160.0,675,139
1898,1984,CLE,163,75,N,761,1498,126.0,694,146
1899,1984,DET,162,104,Y,829,1529,106.0,568,124
1900,1984,HOU,162,80,N,693,1465,105.0,535,133
1901,1984,KCA,162,84,N,673,1487,106.0,629,129
1902,1984,LAN,162,79,N,580,1316,109.0,514,163
1903,1984,MIN,162,81,N,673,1473,39.0,615,120
1904,1984,ML4,161,67,N,641,1446,52.0,646,136
1905,1984,MON,161,78,N,593,1367,131.0,526,132
1906,1984,NYA,162,87,N,758,1560,62.0,615,142
1907,1984,NYN,162,90,N,652,1400,149.0,577,129
1908,1984,OAK,162,77,N,738,1415,145.0,712,146
1909,1984,PHI,162,81,N,720,1494,186.0,586,161
1910,1984,PIT,162,75,N,615,1412,96.0,508,128
1911,1984,SDN,162,92,N,686,1425,152.0,565,138
1912,1984,SEA,162,74,N,682,1429,116.0,691,126
1913,1984,SFN,162,66,N,682,1499,126.0,713,169
1914,1984,SLN,162,84,N,652,1369,220.0,576,118
1915,1984,TEX,161,69,N,656,1452,81.0,625,138
1916,1984,TOR,163,89,N,750,1555,193.0,628,123
1917,1985,ATL,162,66,N,632,1359,72.0,678,159
1918,1985,BAL,161,83,N,818,1451,69.0,694,115
1919,1985,BOS,163,81,N,800,1615,66.0,659,145
1920,1985,CAL,162,90,N,732,1364,106.0,633,112
1921,1985,CHA,163,85,N,736,1386,108.0,656,111
1922,1985,CHN,162,77,N,686,1397,182.0,667,134
1923,1985,CIN,162,89,N,677,1385,159.0,598,121
1924,1985,CLE,162,60,N,729,1465,132.0,775,141
1925,1985,DET,161,84,N,729,1413,75.0,612,141
1926,1985,HOU,162,83,N,706,1457,96.0,593,152
1927,1985,KCA,162,91,Y,687,1384,128.0,567,127
1928,1985,LAN,162,95,N,682,1434,136.0,482,166
1929,1985,MIN,162,77,N,705,1453,68.0,710,120
1930,1985,ML4,161,71,N,690,1467,69.0,701,142
1931,1985,MON,161,84,N,633,1342,169.0,575,121
1932,1985,NYA,161,97,N,839,1458,155.0,590,123
1933,1985,NYN,162,98,N,695,1425,117.0,514,115
1934,1985,OAK,162,77,N,757,1475,117.0,712,140
1935,1985,PHI,162,75,N,667,1343,122.0,592,139
1936,1985,PIT,161,57,N,568,1340,110.0,637,133
1937,1985,SDN,162,83,N,650,1405,60.0,548,124
1938,1985,SEA,162,74,N,719,1410,94.0,745,122
1939,1985,SFN,162,62,N,556,1263,99.0,581,144
1940,1985,SLN,162,101,N,747,1446,314.0,504,108
1941,1985,TEX,161,62,N,617,1359,130.0,715,119
1942,1985,TOR,161,99,N,759,1482,144.0,533,125
1943,1986,ATL,161,72,N,615,1348,93.0,628,141
1944,1986,BAL,162,73,N,708,1425,64.0,686,135
1945,1986,BOS,161,95,N,794,1488,41.0,624,129
1946,1986,CAL,162,92,N,786,1387,109.0,621,107
1947,1986,CHA,162,72,N,644,1335,115.0,630,117
1948,1986,CHN,160,70,N,680,1409,132.0,721,124
1949,1986,CIN,162,86,N,732,1404,177.0,638,140
1950,1986,CLE,163,84,N,831,1620,141.0,736,156
1951,1986,DET,162,87,N,798,1447,138.0,645,108
1952,1986,HOU,162,96,N,654,1388,163.0,510,130
1953,1986,KCA,162,76,N,654,1403,97.0,611,123
1954,1986,LAN,162,73,N,638,1373,155.0,607,179
1955,1986,MIN,162,71,N,741,1446,81.0,759,118
1956,1986,ML4,161,77,N,667,1393,100.0,638,146
1957,1986,MON,161,78,N,637,1401,193.0,616,133
1958,1986,NYA,162,90,N,797,1512,139.0,659,127
1959,1986,NYN,162,108,Y,783,1462,118.0,513,138
1960,1986,OAK,162,76,N,731,1370,139.0,686,135
1961,1986,PHI,161,86,N,739,1386,153.0,621,137
1962,1986,PIT,162,64,N,663,1366,152.0,628,142
1963,1986,SDN,162,74,N,656,1442,96.0,640,135
1964,1986,SEA,162,67,N,718,1392,93.0,743,156
1965,1986,SFN,162,83,N,698,1394,148.0,540,143
1966,1986,SLN,161,79,N,601,1270,262.0,549,123
1967,1986,TEX,162,87,N,771,1479,103.0,662,120
1968,1986,TOR,163,86,N,809,1540,110.0,669,100
1969,1987,ATL,161,69,N,747,1401,135.0,734,116
1970,1987,BAL,162,67,N,729,1437,69.0,801,109
1971,1987,BOS,162,78,N,842,1554,77.0,761,110
1972,1987,CAL,162,75,N,770,1406,125.0,709,117
1973,1987,CHA,162,77,N,748,1427,138.0,691,115
1974,1987,CHN,161,76,N,720,1475,109.0,725,130
1975,1987,CIN,162,84,N,783,1478,169.0,684,128
1976,1987,CLE,162,61,N,742,1476,140.0,834,152
1977,1987,DET,162,98,N,896,1535,106.0,650,122
1978,1987,HOU,162,76,N,648,1386,162.0,615,115
1979,1987,KCA,162,83,N,715,1443,125.0,611,131
1980,1987,LAN,162,73,N,635,1389,128.0,601,155
1981,1987,MIN,162,85,Y,786,1422,113.0,734,98
1982,1987,ML4,162,91,N,862,1552,176.0,752,145
1983,1987,MON,162,91,N,741,1467,166.0,632,147
1984,1987,NYA,162,89,N,788,1445,105.0,701,102
1985,1987,NYN,162,92,N,823,1499,159.0,620,137
1986,1987,OAK,162,81,N,806,1432,140.0,694,142
1987,1987,PHI,162,80,N,702,1390,111.0,673,121
1988,1987,PIT,162,80,N,723,1464,140.0,674,123
1989,1987,SDN,162,65,N,668,1419,198.0,680,146
1990,1987,SEA,162,78,N,760,1499,174.0,713,121
1991,1987,SFN,162,90,N,783,1458,126.0,601,129
1992,1987,SLN,162,95,N,798,1449,248.0,637,116
1993,1987,TEX,162,75,N,823,1478,120.0,743,148
1994,1987,TOR,162,96,N,845,1514,126.0,604,111
1995,1988,ATL,160,54,N,555,1319,95.0,657,151
1996,1988,BAL,161,54,N,550,1275,69.0,714,118
1997,1988,BOS,162,89,N,813,1569,65.0,629,93
1998,1988,CAL,162,75,N,714,1458,86.0,698,135
1999,1988,CHA,161,71,N,631,1327,98.0,659,154
2000,1988,CHN,163,77,N,660,1481,120.0,625,125
2001,1988,CIN,161,87,N,641,1334,207.0,542,121
2002,1988,CLE,162,78,N,666,1435,97.0,663,124
2003,1988,DET,162,88,N,703,1358,87.0,596,109
2004,1988,HOU,162,82,N,617,1338,198.0,558,138
2005,1988,KCA,161,84,N,704,1419,137.0,579,124
2006,1988,LAN,162,94,Y,628,1346,131.0,481,142
2007,1988,MIN,162,91,N,759,1508,107.0,625,83
2008,1988,ML4,162,87,N,682,1409,159.0,555,120
2009,1988,MON,163,81,N,628,1400,189.0,507,142
2010,1988,NYA,161,85,N,772,1469,146.0,689,134
2011,1988,NYN,160,100,N,703,1387,140.0,465,115
2012,1988,OAK,162,104,N,800,1474,129.0,569,105
2013,1988,PHI,162,65,N,597,1294,112.0,659,145
2014,1988,PIT,160,85,N,651,1327,119.0,555,124
2015,1988,SDN,161,83,N,594,1325,123.0,528,116
2016,1988,SEA,161,68,N,664,1397,95.0,658,123
2017,1988,SFN,162,83,N,670,1353,121.0,551,129
2018,1988,SLN,162,76,N,578,1373,234.0,567,121
2019,1988,TEX,161,70,N,637,1378,130.0,647,129
2020,1988,TOR,162,87,N,763,1491,107.0,612,110
2021,1989,ATL,161,63,N,584,1281,83.0,595,152
2022,1989,BAL,162,87,N,708,1369,118.0,644,87
2023,1989,BOS,162,83,N,774,1571,56.0,651,127
2024,1989,CAL,162,91,N,669,1422,89.0,530,96
2025,1989,CHA,161,69,N,693,1493,97.0,668,151
2026,1989,CHN,162,93,N,702,1438,136.0,556,119
2027,1989,CIN,162,75,N,632,1362,128.0,607,121
2028,1989,CLE,162,73,N,604,1340,74.0,589,118
2029,1989,DET,162,59,N,617,1315,103.0,718,130
2030,1989,HOU,162,86,N,647,1316,144.0,598,140
2031,1989,KCA,162,92,N,690,1428,154.0,572,111
2032,1989,LAN,160,77,N,554,1313,81.0,480,118
2033,1989,MIN,162,80,N,740,1542,111.0,680,107
2034,1989,ML4,162,81,N,707,1415,165.0,605,155
2035,1989,MON,162,81,N,632,1353,160.0,568,136
2036,1989,NYA,161,74,N,698,1470,137.0,707,122
2037,1989,NYN,162,87,N,683,1351,158.0,532,144
2038,1989,OAK,162,99,Y,712,1414,157.0,497,129
2039,1989,PHI,163,67,N,629,1324,106.0,643,133
2040,1989,PIT,164,74,N,637,1334,155.0,601,160
2041,1989,SDN,162,89,N,642,1360,136.0,547,152
2042,1989,SEA,162,73,N,694,1417,81.0,639,143
2043,1989,SFN,162,92,N,699,1365,87.0,534,113
2044,1989,SLN,164,86,N,632,1418,155.0,545,111
2045,1989,TEX,162,83,N,695,1433,101.0,623,136
2046,1989,TOR,162,89,N,731,1449,144.0,584,126
2047,1990,ATL,162,65,N,682,1376,92.0,727,158
2048,1990,BAL,161,76,N,669,1328,94.0,644,91
2049,1990,BOS,162,88,N,699,1502,53.0,596,123
2050,1990,CAL,162,80,N,690,1448,69.0,612,140
2051,1990,CHA,162,94,N,682,1393,140.0,581,124
2052,1990,CHN,162,77,N,690,1474,151.0,695,122
2053,1990,CIN,162,91,Y,693,1466,166.0,548,102
2054,1990,CLE,162,77,N,732,1465,107.0,675,117
2055,1990,DET,162,79,N,750,1418,82.0,698,131
2056,1990,HOU,162,75,N,573,1301,179.0,582,131
2057,1990,KCA,161,75,N,707,1465,107.0,620,122
2058,1990,LAN,162,86,N,728,1436,141.0,596,130
2059,1990,MIN,162,74,N,666,1458,96.0,657,101
2060,1990,ML4,162,74,N,732,1408,164.0,655,149
2061,1990,MON,162,85,N,662,1363,235.0,552,110
2062,1990,NYA,162,67,N,603,1322,119.0,675,126
2063,1990,NYN,162,91,N,775,1410,110.0,547,132
2064,1990,OAK,162,103,N,733,1379,141.0,514,87
2065,1990,PHI,162,77,N,646,1410,108.0,655,117
2066,1990,PIT,162,95,N,733,1395,137.0,547,134
2067,1990,SDN,162,75,N,673,1429,138.0,597,141
2068,1990,SEA,162,77,N,640,1419,105.0,592,130
2069,1990,SFN,162,85,N,719,1459,109.0,656,107
2070,1990,SLN,162,70,N,599,1398,221.0,620,129
2071,1990,TEX,162,83,N,676,1416,115.0,615,133
2072,1990,TOR,162,86,N,767,1479,111.0,620,86
2073,1991,ATL,162,94,N,749,1407,165.0,563,138
2074,1991,BAL,162,67,N,686,1421,50.0,743,89
2075,1991,BOS,162,84,N,731,1486,59.0,641,116
2076,1991,CAL,162,81,N,653,1396,94.0,591,102
2077,1991,CHA,162,87,N,758,1464,134.0,622,116
2078,1991,CHN,160,77,N,695,1395,123.0,652,113
2079,1991,CIN,162,74,N,689,1419,124.0,613,125
2080,1991,CLE,162,57,N,576,1390,84.0,677,142
2081,1991,DET,162,84,N,817,1372,109.0,727,104
2082,1991,HOU,162,65,N,605,1345,125.0,646,161
2083,1991,KCA,162,82,N,727,1475,119.0,639,125
2084,1991,LAN,162,93,N,665,1366,126.0,496,123
2085,1991,MIN,162,95,Y,776,1557,107.0,594,94
2086,1991,ML4,162,83,N,799,1523,106.0,673,118
2087,1991,MON,161,71,N,579,1329,221.0,582,131
2088,1991,NYA,162,71,N,674,1418,109.0,709,133
2089,1991,NYN,161,77,N,640,1305,153.0,568,143
2090,1991,OAK,162,84,N,760,1342,151.0,733,107
2091,1991,PHI,162,78,N,629,1332,92.0,627,116
2092,1991,PIT,162,98,N,768,1433,124.0,557,120
2093,1991,SDN,162,84,N,636,1321,101.0,576,113
2094,1991,SEA,162,83,N,702,1400,97.0,617,110
2095,1991,SFN,162,75,N,649,1345,95.0,646,108
2096,1991,SLN,162,84,N,651,1366,202.0,588,105
2097,1991,TEX,162,85,N,829,1539,102.0,735,134
2098,1991,TOR,162,91,N,684,1412,148.0,569,127
2099,1992,ATL,162,98,N,682,1391,126.0,509,109
2100,1992,BAL,162,89,N,705,1423,89.0,617,93
2101,1992,BOS,162,73,N,599,1343,44.0,576,139
2102,1992,CAL,162,72,N,579,1306,160.0,617,134
2103,1992,CHA,162,86,N,738,1434,160.0,620,129
2104,1992,CHN,162,78,N,593,1420,77.0,553,114
2105,1992,CIN,162,90,N,660,1418,125.0,557,96
2106,1992,CLE,162,76,N,674,1495,144.0,671,141
2107,1992,DET,162,75,N,791,1411,66.0,733,116
2108,1992,HOU,162,81,N,608,1350,139.0,603,112
2109,1992,KCA,162,72,N,610,1411,131.0,613,122
2110,1992,LAN,162,63,N,548,1333,142.0,545,173
2111,1992,MIN,162,90,N,747,1544,123.0,597,94
2112,1992,ML4,162,92,N,740,1477,256.0,555,89
2113,1992,MON,162,87,N,648,1381,196.0,530,124
2114,1992,NYA,162,76,N,733,1462,78.0,679,112
2115,1992,NYN,162,72,N,599,1254,129.0,588,116
2116,1992,OAK,162,96,N,745,1389,143.0,600,125
2117,1992,PHI,162,70,N,686,1392,127.0,652,131
2118,1992,PIT,162,96,N,693,1409,110.0,551,101
2119,1992,SDN,162,82,N,617,1396,69.0,578,115
2120,1992,SEA,162,64,N,679,1466,100.0,731,112
2121,1992,SFN,162,72,N,574,1330,112.0,586,111
2122,1992,SLN,162,83,N,631,1464,208.0,556,91
2123,1992,TEX,162,77,N,682,1387,81.0,663,153
2124,1992,TOR,162,96,Y,780,1458,129.0,626,93
2125,1993,ATL,162,104,N,767,1444,125.0,508,108
2126,1993,BAL,162,85,N,786,1470,73.0,691,100
2127,1993,BOS,162,80,N,686,1451,73.0,608,122
2128,1993,CAL,162,71,N,684,1399,169.0,690,120
2129,1993,CHA,162,94,N,776,1454,106.0,598,112
2130,1993,CHN,163,84,N,738,1521,100.0,673,115
2131,1993,CIN,162,73,N,722,1457,142.0,719,120
2132,1993,CLE,162,76,N,790,1547,159.0,735,148
2133,1993,COL,162,67,N,758,1507,146.0,860,167
2134,1993,DET,162,85,N,899,1546,104.0,742,132
2135,1993,FLO,162,64,N,581,1356,117.0,661,122
2136,1993,HOU,162,85,N,716,1459,103.0,559,125
2137,1993,KCA,162,84,N,675,1455,100.0,649,96
2138,1993,LAN,162,81,N,675,1458,126.0,572,132
2139,1993,MIN,162,71,N,693,1480,83.0,756,100
2140,1993,ML4,162,69,N,733,1426,138.0,715,131
2141,1993,MON,163,94,N,732,1410,228.0,574,159
2142,1993,NYA,162,88,N,821,1568,39.0,695,101
2143,1993,NYN,162,59,N,672,1350,79.0,647,156
2144,1993,OAK,162,68,N,715,1408,131.0,791,111
2145,1993,PHI,162,97,N,877,1555,91.0,646,141
2146,1993,PIT,162,75,N,707,1482,92.0,766,105
2147,1993,SDN,162,61,N,679,1386,92.0,675,160
2148,1993,SEA,162,82,N,734,1429,91.0,678,90
2149,1993,SFN,162,103,N,808,1534,120.0,584,101
2150,1993,SLN,162,87,N,758,1508,153.0,660,159
2151,1993,TEX,162,86,N,835,1472,113.0,684,130
2152,1993,TOR,162,95,Y,847,1556,170.0,674,107
2209,1996,ATL,162,96,N,773,1514,83.0,578,130
2210,1996,BAL,163,88,N,949,1557,76.0,840,97
2211,1996,BOS,162,85,N,928,1631,91.0,810,135
2212,1996,CAL,161,70,N,762,1571,53.0,849,128
2213,1996,CHA,162,85,N,898,1586,105.0,735,109
2214,1996,CHN,162,76,N,772,1388,108.0,705,104
2215,1996,CIN,162,81,N,778,1398,171.0,694,121
2216,1996,CLE,161,99,N,952,1665,160.0,702,124
2217,1996,COL,162,83,N,961,1607,201.0,885,149
2218,1996,DET,162,53,N,783,1413,87.0,1015,135
2219,1996,FLO,162,80,N,688,1413,99.0,633,111
2220,1996,HOU,162,82,N,753,1445,180.0,704,138
2221,1996,KCA,161,75,N,746,1477,195.0,733,111
2222,1996,LAN,162,90,N,703,1396,124.0,567,125
2223,1996,MIN,162,78,N,877,1633,143.0,847,94
2224,1996,ML4,162,80,N,894,1578,101.0,831,134
2225,1996,MON,162,88,N,741,1441,108.0,605,126
2226,1996,NYA,162,92,Y,871,1621,96.0,744,91
2227,1996,NYN,162,71,N,746,1515,97.0,675,157
2228,1996,OAK,162,78,N,861,1492,58.0,841,102
2229,1996,PHI,162,67,N,650,1405,117.0,710,115
2230,1996,PIT,162,73,N,776,1509,126.0,750,128
2231,1996,SDN,162,91,N,771,1499,109.0,617,118
2232,1996,SEA,161,85,N,993,1625,90.0,828,110
2233,1996,SFN,162,68,N,752,1400,113.0,756,134
2234,1996,SLN,162,88,N,759,1468,149.0,642,125
2235,1996,TEX,163,90,N,928,1622,83.0,750,87
2236,1996,TOR,162,74,N,766,1451,116.0,735,110
2237,1997,ANA,162,84,N,829,1531,126.0,730,126
2238,1997,ATL,162,101,N,791,1490,108.0,518,114
2239,1997,BAL,162,98,N,812,1498,63.0,635,97
2240,1997,BOS,162,78,N,851,1684,68.0,785,136
2241,1997,CHA,161,80,N,779,1498,106.0,749,125
2242,1997,CHN,162,68,N,687,1444,116.0,705,115
2243,1997,CIN,162,76,N,651,1386,190.0,712,106
2244,1997,CLE,161,86,N,868,1589,118.0,749,108
2245,1997,COL,162,83,N,923,1611,137.0,835,111
2246,1997,DET,162,79,N,784,1415,161.0,732,91
2247,1997,FLO,162,92,Y,740,1410,115.0,615,119
2248,1997,HOU,162,84,N,777,1427,171.0,595,131
2249,1997,KCA,161,67,N,747,1478,130.0,755,88
2250,1997,LAN,162,88,N,742,1488,131.0,588,116
2251,1997,MIN,162,68,N,772,1522,151.0,800,100
2252,1997,ML4,161,78,N,681,1415,103.0,670,125
2253,1997,MON,162,78,N,691,1423,75.0,666,131
2254,1997,NYA,162,96,N,891,1636,99.0,626,105
2255,1997,NYN,162,88,N,777,1448,97.0,640,117
2256,1997,OAK,162,65,N,764,1451,71.0,881,121
2257,1997,PHI,162,68,N,668,1390,92.0,768,105
2258,1997,PIT,162,79,N,725,1440,160.0,683,131
2259,1997,SDN,162,76,N,795,1519,140.0,804,125
2260,1997,SEA,162,90,N,925,1574,89.0,770,123
2261,1997,SFN,162,90,N,784,1415,121.0,709,120
2262,1997,SLN,162,73,N,689,1409,164.0,631,123
2263,1997,TEX,162,77,N,807,1547,72.0,744,122
2264,1997,TOR,162,76,N,654,1333,134.0,628,97
2265,1998,ANA,162,85,N,787,1530,93.0,720,106
2266,1998,ARI,162,65,N,665,1353,73.0,738,100
2267,1998,ATL,162,106,N,826,1489,98.0,519,91
2268,1998,BAL,162,79,N,817,1520,86.0,752,81
2269,1998,BOS,162,92,N,876,1568,72.0,669,105
2270,1998,CHA,163,80,N,861,1516,127.0,837,140
2271,1998,CHN,163,90,N,831,1494,65.0,739,101
2272,1998,CIN,162,77,N,750,1441,95.0,711,122
2273,1998,CLE,162,89,N,850,1530,143.0,722,110
2274,1998,COL,162,77,N,826,1640,67.0,796,102
2275,1998,DET,162,65,N,722,1494,122.0,792,115
2276,1998,FLO,162,54,N,667,1381,115.0,837,129
2277,1998,HOU,162,102,N,874,1578,155.0,572,108
2278,1998,KCA,161,72,N,714,1459,135.0,823,125
2279,1998,LAN,162,83,N,669,1374,137.0,613,134
2280,1998,MIL,162,74,N,707,1439,81.0,746,110
2281,1998,MIN,162,70,N,734,1499,112.0,765,108
2282,1998,MON,162,65,N,644,1348,91.0,696,155
2283,1998,NYA,162,114,Y,965,1625,153.0,618,98
2284,1998,NYN,162,88,N,706,1425,62.0,611,101
2285,1998,OAK,162,74,N,804,1413,131.0,770,141
2286,1998,PHI,162,75,N,713,1482,97.0,754,110
2287,1998,PIT,163,69,N,650,1395,159.0,630,140
2288,1998,SDN,162,98,N,749,1390,79.0,587,104
2289,1998,SEA,161,76,N,859,1553,115.0,783,125
2290,1998,SFN,163,89,N,845,1540,102.0,688,101
2291,1998,SLN,163,83,N,810,1444,133.0,705,142
2292,1998,TBA,162,63,N,620,1450,120.0,697,94
2293,1998,TEX,162,88,N,940,1637,82.0,795,122
2294,1998,TOR,163,88,N,816,1482,184.0,698,125
2295,1999,ANA,162,70,N,711,1404,71.0,762,106
2296,1999,ARI,162,100,N,908,1566,137.0,615,104
2297,1999,ATL,162,103,N,840,1481,148.0,593,111
2298,1999,BAL,162,78,N,851,1572,107.0,761,89
2299,1999,BOS,162,94,N,836,1551,67.0,638,127
2300,1999,CHA,162,75,N,777,1563,110.0,786,136
2301,1999,CHN,162,67,N,747,1411,60.0,837,139
2302,1999,CIN,163,96,N,865,1536,164.0,648,105
2303,1999,CLE,162,97,N,1009,1629,147.0,789,106
2304,1999,COL,162,72,N,906,1644,70.0,955,118
2305,1999,DET,161,69,N,747,1433,108.0,817,106
2306,1999,FLO,162,64,N,691,1465,92.0,781,127
2307,1999,HOU,162,97,N,823,1463,166.0,622,106
2308,1999,KCA,161,64,N,856,1584,127.0,844,125
2309,1999,LAN,162,77,N,793,1480,167.0,718,137
2310,1999,MIL,161,74,N,815,1524,81.0,812,127
2311,1999,MIN,161,63,N,686,1450,118.0,794,92
2312,1999,MON,162,68,N,718,1473,70.0,747,160
2313,1999,NYA,162,98,Y,900,1568,104.0,660,111
2314,1999,NYN,163,97,N,853,1553,150.0,691,68
2315,1999,OAK,162,87,N,893,1430,70.0,749,122
2316,1999,PHI,162,77,N,841,1539,125.0,788,100
2317,1999,PIT,161,78,N,775,1417,112.0,689,147
2318,1999,SDN,162,74,N,710,1360,174.0,705,129
2319,1999,SEA,162,79,N,859,1499,130.0,834,113
2320,1999,SFN,162,86,N,872,1507,109.0,762,105
2321,1999,SLN,161,75,N,809,1461,134.0,761,132
2322,1999,TBA,162,69,N,772,1531,73.0,805,135
2323,1999,TEX,162,95,N,945,1653,111.0,809,119
2324,1999,TOR,162,84,N,883,1580,119.0,786,106
2325,2000,ANA,162,82,N,864,1574,93.0,805,134
2326,2000,ARI,162,85,N,792,1466,97.0,698,107
2327,2000,ATL,162,95,N,810,1490,148.0,648,129
2328,2000,BAL,162,74,N,794,1508,126.0,855,116
2329,2000,BOS,162,85,N,792,1503,43.0,683,109
2330,2000,CHA,162,95,N,978,1615,119.0,751,133
2331,2000,CHN,162,65,N,764,1426,93.0,849,100
2332,2000,CIN,163,85,N,825,1545,100.0,700,111
2333,2000,CLE,162,90,N,950,1639,113.0,775,72
2334,2000,COL,162,82,N,968,1664,131.0,835,94
2335,2000,DET,162,79,N,823,1553,83.0,755,105
2336,2000,FLO,161,79,N,731,1441,168.0,729,125
2337,2000,HOU,162,72,N,938,1547,114.0,865,133
2338,2000,KCA,162,77,N,879,1644,121.0,876,102
2339,2000,LAN,162,86,N,798,1408,95.0,659,135
2340,2000,MIL,163,73,N,740,1366,72.0,755,118
2341,2000,MIN,162,69,N,748,1516,90.0,819,102
2342,2000,MON,162,67,N,738,1475,58.0,812,132
2343,2000,NYA,161,87,Y,871,1541,99.0,753,109
2344,2000,NYN,162,94,N,807,1445,66.0,670,118
2345,2000,OAK,161,91,N,947,1501,40.0,730,134
2346,2000,PHI,162,65,N,708,1386,102.0,763,100
2347,2000,PIT,162,69,N,793,1506,86.0,795,132
2348,2000,SDN,162,76,N,752,1413,131.0,733,141
2349,2000,SEA,162,91,N,907,1481,122.0,720,99
2350,2000,SFN,162,97,N,925,1535,79.0,675,93
2351,2000,SLN,162,95,N,887,1481,87.0,698,111
2352,2000,TBA,161,69,N,733,1414,90.0,773,118
2353,2000,TEX,162,71,N,848,1601,69.0,876,135
2354,2000,TOR,162,83,N,861,1562,89.0,821,100
2355,2001,ANA,162,75,N,691,1447,116.0,671,103
2356,2001,ARI,162,92,Y,818,1494,71.0,627,84
2357,2001,ATL,162,88,N,729,1432,85.0,578,103
2358,2001,BAL,162,63,N,687,1359,133.0,744,125
2359,2001,BOS,161,82,N,772,1493,46.0,667,113
2360,2001,CHA,162,83,N,798,1463,123.0,725,118
2361,2001,CHN,162,88,N,777,1409,67.0,643,109
2362,2001,CIN,162,66,N,735,1464,103.0,765,138
2363,2001,CLE,162,91,N,897,1559,79.0,746,107
2364,2001,COL,162,73,N,923,1663,132.0,841,96
2365,2001,DET,162,66,N,724,1439,133.0,795,131
2366,2001,FLO,162,76,N,742,1461,89.0,691,103
2367,2001,HOU,162,93,N,847,1500,64.0,707,110
2368,2001,KCA,162,65,N,729,1503,100.0,779,117
2369,2001,LAN,162,86,N,758,1399,89.0,685,116
2370,2001,MIL,162,68,N,740,1378,66.0,740,103
2371,2001,MIN,162,85,N,771,1514,146.0,722,108
2372,2001,MON,162,68,N,670,1361,101.0,745,108
2373,2001,NYA,161,95,N,804,1488,161.0,649,109
2374,2001,NYN,162,82,N,642,1361,66.0,654,101
2375,2001,OAK,162,102,N,884,1469,68.0,583,125
2376,2001,PHI,162,86,N,746,1431,153.0,667,91
2377,2001,PIT,162,62,N,657,1333,93.0,794,133
2378,2001,SDN,162,79,N,789,1379,129.0,724,145
2379,2001,SEA,162,116,N,927,1637,174.0,576,83
2380,2001,SFN,162,90,N,799,1493,57.0,680,118
2381,2001,SLN,162,93,N,814,1469,91.0,627,110
2382,2001,TBA,162,62,N,672,1426,115.0,781,139
2383,2001,TEX,162,73,N,890,1566,97.0,913,114
2384,2001,TOR,162,80,N,767,1489,156.0,696,97
2385,2002,ANA,162,99,Y,851,1603,117.0,595,87
2386,2002,ARI,162,98,N,819,1471,92.0,630,89
2387,2002,ATL,161,101,N,708,1428,76.0,511,114
2388,2002,BAL,162,67,N,667,1353,110.0,719,91
2389,2002,BOS,162,93,N,859,1560,80.0,603,104
2390,2002,CHA,162,81,N,856,1475,75.0,716,97
2391,2002,CHN,162,67,N,706,1351,63.0,687,114
2392,2002,CIN,162,78,N,709,1386,116.0,690,120
2393,2002,CLE,162,74,N,739,1349,52.0,777,113
2394,2002,COL,162,73,N,778,1508,103.0,825,112
2395,2002,DET,161,55,N,575,1340,65.0,773,142
2396,2002,FLO,162,79,N,699,1433,177.0,706,106
2397,2002,HOU,162,84,N,749,1441,71.0,642,83
2398,2002,KCA,162,62,N,737,1415,140.0,834,130
2399,2002,LAN,162,92,N,713,1464,96.0,598,90
2400,2002,MIL,162,56,N,627,1369,94.0,752,103
2401,2002,MIN,161,94,N,768,1518,79.0,662,74
2402,2002,MON,162,83,N,735,1432,118.0,641,139
2403,2002,NYA,161,103,N,897,1540,100.0,625,127
2404,2002,NYN,161,75,N,690,1409,87.0,624,144
2405,2002,OAK,162,103,N,800,1450,46.0,593,102
2406,2002,PHI,161,80,N,710,1428,104.0,671,88
2407,2002,PIT,161,72,N,641,1300,86.0,664,115
2408,2002,SDN,162,66,N,662,1393,71.0,737,128
2409,2002,SEA,162,93,N,814,1531,137.0,654,88
2410,2002,SFN,162,95,N,783,1465,74.0,566,90
2411,2002,SLN,162,97,N,787,1475,86.0,595,103
2412,2002,TBA,161,55,N,673,1418,102.0,846,126
2413,2002,TEX,162,72,N,843,1510,62.0,824,99
2414,2002,TOR,162,78,N,813,1457,71.0,767,107
2415,2003,ANA,162,77,N,736,1473,129.0,680,105
2416,2003,ARI,162,84,N,717,1467,76.0,621,107
2417,2003,ATL,162,101,N,907,1608,68.0,663,121
2418,2003,BAL,163,71,N,743,1516,89.0,767,105
2419,2003,BOS,162,95,N,961,1667,88.0,729,113
2420,2003,CHA,162,86,N,791,1445,77.0,663,93
2421,2003,CHN,162,88,N,724,1431,73.0,619,106
2422,2003,CIN,162,69,N,694,1349,80.0,818,141
2423,2003,CLE,162,68,N,699,1413,86.0,682,126
2424,2003,COL,162,74,N,853,1472,63.0,821,116
2425,2003,DET,162,43,N,591,1312,98.0,847,138
2426,2003,FLO,162,91,Y,751,1459,150.0,648,78
2427,2003,HOU,162,87,N,805,1466,66.0,622,95
2428,2003,KCA,162,83,N,836,1526,120.0,808,108
2429,2003,LAN,162,85,N,574,1328,80.0,511,119
2430,2003,MIL,162,68,N,714,1423,99.0,810,114
2431,2003,MIN,162,90,N,801,1567,94.0,716,87
2432,2003,MON,162,83,N,711,1404,100.0,640,102
2433,2003,NYA,163,101,N,877,1518,98.0,653,114
2434,2003,NYN,161,66,N,642,1317,70.0,704,118
2435,2003,OAK,162,96,N,768,1398,48.0,582,107
2436,2003,PHI,162,86,N,791,1448,72.0,648,97
2437,2003,PIT,162,75,N,753,1492,86.0,744,123
2438,2003,SDN,162,64,N,678,1442,76.0,774,102
2439,2003,SEA,162,93,N,795,1509,108.0,602,65
2440,2003,SFN,161,100,N,755,1440,53.0,595,80
2441,2003,SLN,162,85,N,876,1580,82.0,748,77
2442,2003,TBA,162,63,N,715,1501,142.0,787,103
2443,2003,TEX,162,71,N,826,1506,65.0,903,94
2444,2003,TOR,162,86,N,894,1580,37.0,748,117
2445,2004,ANA,162,92,N,836,1603,143.0,692,90
2446,2004,ARI,162,51,N,615,1401,53.0,794,139
2447,2004,ATL,162,96,N,803,1503,86.0,603,116
2448,2004,BAL,162,78,N,842,1614,101.0,760,110
2449,2004,BOS,162,98,Y,949,1613,68.0,674,118
2450,2004,CHA,162,83,N,865,1481,78.0,782,100
2451,2004,CHN,162,89,N,789,1508,66.0,621,86
2452,2004,CIN,162,76,N,750,1380,77.0,832,113
2453,2004,CLE,162,80,N,858,1565,94.0,784,106
2454,2004,COL,162,68,N,833,1531,44.0,883,89
2455,2004,DET,162,72,N,827,1531,86.0,788,144
2456,2004,FLO,162,83,N,718,1447,96.0,655,86
2457,2004,HOU,162,92,N,803,1458,89.0,650,101
2458,2004,KCA,162,58,N,720,1432,67.0,813,131
2459,2004,LAN,162,93,N,761,1450,102.0,647,73
2460,2004,MIL,161,67,N,634,1358,138.0,679,117
2461,2004,MIN,162,92,N,780,1494,116.0,661,101
2462,2004,MON,162,67,N,635,1361,109.0,696,99
2463,2004,NYA,162,101,N,897,1483,84.0,752,99
2464,2004,NYN,162,71,N,684,1376,107.0,658,137
2465,2004,OAK,162,91,N,793,1545,47.0,682,91
2466,2004,PHI,162,86,N,840,1505,100.0,724,81
2467,2004,PIT,161,72,N,680,1428,63.0,680,103
2468,2004,SDN,162,87,N,768,1521,52.0,645,108
2469,2004,SEA,162,63,N,698,1544,110.0,772,103
2470,2004,SFN,162,91,N,850,1500,43.0,695,101
2471,2004,SLN,162,105,N,855,1544,111.0,605,97
2472,2004,TBA,161,70,N,714,1416,132.0,757,119
2473,2004,TEX,162,89,N,860,1492,69.0,724,117
2474,2004,TOR,161,67,N,719,1438,58.0,775,91
2475,2005,ARI,162,77,N,696,1419,67.0,783,94
2476,2005,ATL,162,90,N,769,1453,92.0,639,86
2477,2005,BAL,162,74,N,729,1492,83.0,724,107
2478,2005,BOS,162,95,N,910,1579,45.0,752,109
2479,2005,CHA,162,99,Y,741,1450,137.0,592,94
2480,2005,CHN,162,79,N,703,1506,65.0,671,101
2481,2005,CIN,163,73,N,820,1453,72.0,820,104
2482,2005,CLE,162,93,N,790,1522,62.0,582,106
2483,2005,COL,162,67,N,740,1477,65.0,808,118
2484,2005,DET,162,71,N,723,1521,66.0,719,110
2485,2005,FLO,162,83,N,717,1499,96.0,666,103
2486,2005,HOU,163,89,N,693,1400,115.0,563,89
2487,2005,KCA,162,56,N,701,1445,53.0,862,125
2488,2005,LAA,162,95,N,761,1520,161.0,598,87
2489,2005,LAN,162,71,N,685,1374,58.0,695,106
2490,2005,MIL,162,81,N,726,1413,79.0,635,119
2491,2005,MIN,162,83,N,688,1441,102.0,604,102
2492,2005,NYA,162,95,N,886,1552,84.0,718,95
2493,2005,NYN,162,83,N,722,1421,153.0,599,106
2494,2005,OAK,162,88,N,772,1476,31.0,594,88
2495,2005,PHI,162,88,N,807,1494,116.0,672,90
2496,2005,PIT,162,67,N,680,1445,73.0,706,117
2497,2005,SDN,162,82,N,684,1416,99.0,668,109
2498,2005,SEA,162,69,N,699,1408,102.0,712,86
2499,2005,SFN,162,75,N,649,1427,71.0,695,90
2500,2005,SLN,162,100,N,805,1494,83.0,560,100
2501,2005,TBA,162,67,N,750,1519,151.0,851,124
2502,2005,TEX,162,79,N,865,1528,67.0,794,108
2503,2005,TOR,162,80,N,775,1480,72.0,653,95
2504,2005,WAS,162,81,N,639,1367,45.0,627,92
2505,2006,ARI,162,76,N,773,1506,76.0,727,104
2506,2006,ATL,162,79,N,849,1510,52.0,736,99
2507,2006,BAL,162,70,N,768,1556,121.0,843,102
2508,2006,BOS,162,86,N,820,1510,51.0,773,66
2509,2006,CHA,162,90,N,868,1586,93.0,743,90
2510,2006,CHN,162,66,N,716,1496,121.0,758,106
2511,2006,CIN,162,80,N,749,1419,124.0,725,128
2512,2006,CLE,162,78,N,870,1576,55.0,698,118
2513,2006,COL,162,76,N,813,1504,85.0,749,91
2514,2006,DET,162,95,N,822,1548,60.0,618,106
2515,2006,FLO,162,78,N,758,1454,110.0,696,126
2516,2006,HOU,162,82,N,735,1407,79.0,666,80
2517,2006,KCA,162,62,N,757,1515,65.0,896,98
2518,2006,LAA,162,89,N,766,1539,148.0,652,124
2519,2006,LAN,162,88,N,820,1552,128.0,686,115
2520,2006,MIL,162,75,N,730,1400,71.0,763,117
2521,2006,MIN,162,96,N,801,1608,101.0,632,84
2522,2006,NYA,162,97,N,930,1608,139.0,708,104
2523,2006,NYN,162,97,N,834,1469,146.0,673,104
2524,2006,OAK,162,93,N,771,1429,61.0,679,84
2525,2006,PHI,162,85,N,865,1518,92.0,747,104
2526,2006,PIT,162,67,N,691,1462,68.0,720,104
2527,2006,SDN,162,88,N,731,1465,123.0,629,92
2528,2006,SEA,162,78,N,756,1540,106.0,739,88
2529,2006,SFN,161,76,N,746,1418,58.0,735,91
2530,2006,SLN,161,83,Y,781,1484,59.0,721,98
2531,2006,TBA,162,61,N,689,1395,134.0,782,116
2532,2006,TEX,162,80,N,835,1571,53.0,731,98
2533,2006,TOR,162,87,N,809,1591,65.0,694,99
2534,2006,WAS,162,71,N,746,1437,123.0,803,131
2535,2007,ARI,162,90,N,712,1350,109.0,662,106
2536,2007,ATL,162,84,N,810,1562,64.0,665,107
2537,2007,BAL,162,69,N,756,1529,144.0,827,79
2538,2007,BOS,162,96,Y,867,1561,96.0,618,81
2539,2007,CHA,162,72,N,693,1341,78.0,763,108
2540,2007,CHN,162,85,N,752,1530,86.0,650,94
2541,2007,CIN,162,72,N,783,1496,97.0,796,95
2542,2007,CLE,162,96,N,811,1504,72.0,658,92
2543,2007,COL,163,90,N,860,1591,100.0,706,68
2544,2007,DET,162,88,N,887,1652,103.0,735,99
2545,2007,FLO,162,71,N,790,1504,105.0,793,137
2546,2007,HOU,162,73,N,723,1457,65.0,761,103
2547,2007,KCA,162,69,N,706,1447,78.0,716,106
2548,2007,LAA,162,94,N,822,1578,139.0,674,101
2549,2007,LAN,162,82,N,735,1544,137.0,677,114
2550,2007,MIL,162,83,N,801,1455,96.0,708,109
2551,2007,MIN,162,79,N,718,1460,112.0,663,95
2552,2007,NYA,162,94,N,968,1656,123.0,724,88
2553,2007,NYN,162,88,N,804,1543,200.0,687,101
2554,2007,OAK,162,76,N,741,1430,52.0,689,90
2555,2007,PHI,162,89,N,892,1558,138.0,767,89
2556,2007,PIT,162,68,N,724,1463,68.0,793,83
2557,2007,SDN,163,89,N,741,1408,55.0,611,92
2558,2007,SEA,162,88,N,794,1629,81.0,754,90
2559,2007,SFN,162,71,N,683,1407,119.0,677,88
2560,2007,SLN,162,78,N,725,1513,56.0,741,121
2561,2007,TBA,162,66,N,782,1500,131.0,879,117
2562,2007,TEX,162,75,N,816,1460,88.0,755,124
2563,2007,TOR,162,83,N,753,1434,57.0,644,102
2564,2007,WAS,162,73,N,673,1415,69.0,736,109
2565,2008,ARI,162,82,N,720,1355,58.0,635,113
2566,2008,ATL,162,72,N,753,1514,58.0,714,107
2567,2008,BAL,161,68,N,782,1486,81.0,810,100
2568,2008,BOS,162,95,N,845,1565,120.0,645,85
2569,2008,CHA,163,89,N,811,1458,67.0,658,108
2570,2008,CHN,161,97,N,855,1552,87.0,624,99
2571,2008,CIN,162,74,N,704,1351,85.0,729,114
2572,2008,CLE,162,81,N,805,1455,77.0,711,94
2573,2008,COL,162,74,N,747,1462,141.0,766,96
2574,2008,DET,162,74,N,821,1529,63.0,786,113
2575,2008,FLO,161,84,N,770,1397,76.0,707,117
2576,2008,HOU,161,86,N,712,1432,114.0,691,67
2577,2008,KCA,162,75,N,691,1507,79.0,720,96
2578,2008,LAA,162,100,N,765,1486,129.0,644,91
2579,2008,LAN,162,84,N,700,1455,126.0,591,101
2580,2008,MIL,162,90,N,750,1398,108.0,623,101
2581,2008,MIN,163,88,N,829,1572,102.0,675,108
2582,2008,NYA,162,89,N,789,1512,118.0,685,83
2583,2008,NYN,162,89,N,799,1491,138.0,662,83
2584,2008,OAK,161,75,N,646,1318,88.0,640,98
2585,2008,PHI,162,92,Y,799,1407,136.0,625,90
2586,2008,PIT,162,67,N,735,1454,57.0,822,107
2587,2008,SDN,162,63,N,637,1390,36.0,714,85
2588,2008,SEA,162,61,N,671,1498,90.0,754,99
2589,2008,SFN,162,72,N,640,1452,108.0,701,96
2590,2008,SLN,162,86,N,779,1585,73.0,677,85
2591,2008,TBA,162,97,N,774,1443,142.0,618,90
2592,2008,TEX,162,79,N,901,1619,81.0,860,132
2593,2008,TOR,162,86,N,714,1453,80.0,561,84
2594,2008,WAS,161,59,N,641,1376,81.0,742,123
2595,2009,ARI,162,70,N,720,1408,102.0,711,124
2596,2009,ATL,162,86,N,735,1459,58.0,581,96
2597,2009,BAL,162,64,N,741,1508,76.0,817,90
2598,2009,BOS,162,95,N,872,1495,126.0,695,82
2599,2009,CHA,162,79,N,724,1410,113.0,663,113
2600,2009,CHN,161,83,N,707,1398,56.0,616,105
2601,2009,CIN,162,78,N,673,1349,96.0,677,89
2602,2009,CLE,162,65,N,773,1468,84.0,806,97
2603,2009,COL,162,92,N,804,1408,106.0,675,87
2604,2009,DET,163,86,N,743,1443,72.0,690,88
2605,2009,FLO,162,87,N,772,1493,75.0,690,106
2606,2009,HOU,162,74,N,643,1415,113.0,722,78
2607,2009,KCA,162,65,N,686,1432,88.0,765,117
2608,2009,LAA,162,97,N,883,1604,148.0,715,85
2609,2009,LAN,162,95,N,780,1511,116.0,558,83
2610,2009,MIL,162,80,N,785,1447,68.0,770,98
2611,2009,MIN,163,87,N,817,1539,85.0,726,76
2612,2009,NYA,162,103,Y,915,1604,111.0,687,86
2613,2009,NYN,162,70,N,671,1472,122.0,705,97
2614,2009,OAK,162,75,N,759,1464,133.0,685,105
2615,2009,PHI,162,93,N,820,1439,119.0,673,76
2616,2009,PIT,161,62,N,636,1364,90.0,723,73
2617,2009,SDN,162,75,N,638,1315,82.0,704,94
2618,2009,SEA,162,85,N,640,1430,89.0,625,105
2619,2009,SFN,162,88,N,657,1411,78.0,571,88
2620,2009,SLN,162,91,N,730,1436,75.0,586,96
2621,2009,TBA,162,84,N,803,1434,194.0,686,98
2622,2009,TEX,162,87,N,784,1436,149.0,698,106
2623,2009,TOR,162,75,N,798,1516,73.0,720,76
2624,2009,WAS,162,59,N,710,1416,73.0,791,143
2625,2010,ARI,162,65,N,713,1366,86.0,765,102
2626,2010,ATL,162,91,N,738,1411,63.0,569,126
2627,2010,BAL,162,66,N,613,1440,76.0,733,105
2628,2010,BOS,162,89,N,818,1511,68.0,679,111
2629,2010,CHA,162,88,N,752,1467,160.0,658,103
2630,2010,CHN,162,75,N,685,1414,55.0,668,126
2631,2010,CIN,162,91,N,790,1515,93.0,648,72
2632,2010,CLE,162,69,N,646,1362,91.0,684,110
2633,2010,COL,162,83,N,770,1452,99.0,663,101
2634,2010,DET,162,81,N,751,1515,69.0,690,109
2635,2010,FLO,162,80,N,719,1403,92.0,652,123
2636,2010,HOU,162,76,N,611,1348,100.0,654,103
2637,2010,KCA,162,67,N,676,1534,115.0,794,121
2638,2010,LAA,162,80,N,681,1363,104.0,651,113
2639,2010,LAN,162,80,N,667,1368,92.0,643,98
2640,2010,MIL,162,77,N,750,1471,81.0,733,101
2641,2010,MIN,162,94,N,781,1521,68.0,638,78
2642,2010,NYA,162,95,N,859,1485,103.0,651,69
2643,2010,NYN,162,79,N,656,1361,130.0,597,87
2644,2010,OAK,162,81,N,663,1396,156.0,566,99
2645,2010,PHI,162,97,N,772,1451,108.0,594,83
2646,2010,PIT,162,57,N,587,1303,87.0,784,127
2647,2010,SDN,162,90,N,665,1338,124.0,549,72
2648,2010,SEA,162,61,N,513,1274,142.0,628,110
2649,2010,SFN,162,92,Y,697,1411,55.0,546,73
2650,2010,SLN,162,86,N,736,1456,79.0,577,99
2651,2010,TBA,162,96,N,802,1343,172.0,611,85
2652,2010,TEX,162,90,N,787,1556,123.0,636,105
2653,2010,TOR,162,85,N,755,1364,58.0,676,92
2654,2010,WAS,162,69,N,655,1355,110.0,658,127
2655,2011,ARI,162,94,N,731,1357,133.0,609,90
2656,2011,ATL,162,89,N,641,1345,77.0,572,83
2657,2011,BAL,162,69,N,708,1434,81.0,786,110
2658,2011,BOS,162,90,N,875,1600,102.0,680,92
2659,2011,CHA,162,79,N,654,1387,81.0,665,79
2660,2011,CHN,162,71,N,654,1423,69.0,690,134
2661,2011,CIN,162,79,N,735,1438,97.0,678,91
2662,2011,CLE,162,80,N,704,1380,89.0,683,110
2663,2011,COL,162,73,N,735,1429,118.0,713,98
2664,2011,DET,162,95,N,787,1540,49.0,647,103
2665,2011,FLO,162,72,N,625,1358,95.0,640,93
2666,2011,HOU,162,56,N,615,1442,118.0,719,116
2667,2011,KCA,162,71,N,730,1560,153.0,716,95
2668,2011,LAA,162,86,N,667,1394,135.0,581,93
2669,2011,LAN,161,82,N,644,1395,126.0,563,85
2670,2011,MIL,162,96,N,721,1422,94.0,582,111
2671,2011,MIN,162,63,N,619,1357,92.0,724,119
2672,2011,NYA,162,97,N,867,1452,147.0,605,102
2673,2011,NYN,162,77,N,718,1477,130.0,674,116
2674,2011,OAK,162,74,N,645,1330,117.0,597,124
2675,2011,PHI,162,102,N,713,1409,96.0,495,74
2676,2011,PIT,162,72,N,610,1325,108.0,650,112
2677,2011,SDN,162,71,N,593,1284,170.0,551,94
2678,2011,SEA,162,67,N,556,1263,125.0,621,108
2679,2011,SFN,162,86,N,570,1327,85.0,522,104
2680,2011,SLN,162,90,Y,762,1513,57.0,608,116
2681,2011,TBA,162,91,N,707,1324,155.0,577,73
2682,2011,TEX,162,96,N,855,1599,143.0,607,114
2683,2011,TOR,162,81,N,743,1384,131.0,700,110
2684,2011,WAS,161,80,N,624,1319,106.0,577,104
2685,2012,ARI,162,81,N,734,1416,93.0,626,90
2686,2012,ATL,162,94,N,700,1341,101.0,549,86
2687,2012,BAL,162,93,N,712,1375,58.0,642,106
2688,2012,BOS,162,69,N,734,1459,97.0,754,101
2689,2012,CHA,162,85,N,748,1409,109.0,646,70
2690,2012,CHN,162,61,N,613,1297,94.0,708,105
2691,2012,CIN,162,97,N,669,1377,87.0,540,89
2692,2012,CLE,162,68,N,667,1385,110.0,766,96
2693,2012,COL,162,64,N,758,1526,100.0,824,122
2694,2012,DET,162,88,N,726,1467,59.0,596,99
2695,2012,HOU,162,55,N,583,1276,105.0,721,118
2696,2012,KCA,162,72,N,676,1492,132.0,693,113
2697,2012,LAA,162,89,N,767,1518,134.0,640,98
2698,2012,LAN,162,86,N,637,1369,104.0,538,98
2699,2012,MIA,162,69,N,609,1327,149.0,655,103
2700,2012,MIL,162,83,N,776,1442,158.0,682,99
2701,2012,MIN,162,66,N,701,1448,135.0,762,107
2702,2012,NYA,162,95,N,804,1462,93.0,617,75
2703,2012,NYN,162,74,N,650,1357,79.0,651,101
2704,2012,OAK,162,94,N,713,1315,122.0,569,111
2705,2012,PHI,162,81,N,684,1414,116.0,618,101
2706,2012,PIT,162,79,N,651,1313,73.0,615,112
2707,2012,SDN,162,76,N,651,1339,155.0,640,121
2708,2012,SEA,162,75,N,619,1285,104.0,608,72
2709,2012,SFN,162,94,Y,718,1495,118.0,593,115
2710,2012,SLN,162,88,N,765,1526,91.0,603,107
2711,2012,TBA,162,90,N,697,1293,134.0,518,114
2712,2012,TEX,162,93,N,808,1526,91.0,639,85
2713,2012,TOR,162,73,N,716,1346,123.0,745,101
2714,2012,WAS,162,98,N,731,1468,105.0,543,94
2715,2013,ARI,162,81,N,685,1468,62.0,651,75
2716,2013,ATL,162,96,N,688,1354,64.0,512,85
2717,2013,BAL,162,85,N,745,1460,79.0,678,54
2718,2013,BOS,162,97,Y,853,1566,123.0,613,80
2719,2013,CHA,162,63,N,598,1385,105.0,643,121
2720,2013,CHN,162,66,N,602,1307,63.0,643,100
2721,2013,CIN,162,90,N,698,1370,67.0,554,76
2722,2013,CLE,162,92,N,745,1391,117.0,611,98
2723,2013,COL,162,74,N,706,1511,112.0,708,90
2724,2013,DET,162,93,N,796,1625,35.0,587,76
2725,2013,HOU,162,51,N,610,1307,110.0,766,125
2726,2013,KCA,162,86,N,648,1443,153.0,555,85
2727,2013,LAA,162,78,N,733,1476,82.0,685,112
2728,2013,LAN,162,92,N,649,1447,78.0,524,109
2729,2013,MIA,162,62,N,513,1257,78.0,602,88
2730,2013,MIL,162,74,N,640,1381,142.0,615,114
2731,2013,MIN,162,66,N,614,1346,52.0,733,81
2732,2013,NYA,162,85,N,650,1321,115.0,633,69
2733,2013,NYN,162,74,N,619,1318,114.0,618,93
2734,2013,OAK,162,96,N,767,1403,74.0,574,97
2735,2013,PHI,162,73,N,610,1355,73.0,689,97
2736,2013,PIT,162,94,N,634,1346,94.0,533,106
2737,2013,SDN,162,76,N,618,1349,118.0,643,83
2738,2013,SEA,162,71,N,624,1318,49.0,702,88
2739,2013,SFN,162,76,N,629,1446,67.0,643,107
2740,2013,SLN,162,97,N,783,1494,45.0,555,75
2741,2013,TBA,163,92,N,700,1421,73.0,608,59
2742,2013,TEX,163,91,N,730,1465,149.0,589,86
2743,2013,TOR,162,74,N,712,1398,112.0,685,111
2744,2013,WAS,162,86,N,656,1365,88.0,576,107
2745,2014,ARI,162,64,N,615,1379,86.0,683,101
2746,2014,ATL,162,79,N,573,1316,95.0,547,85
2747,2014,BAL,162,96,N,705,1434,44.0,557,87
2748,2014,BOS,162,71,N,634,1355,63.0,653,92
2749,2014,CHA,162,73,N,660,1400,85.0,687,107
2750,2014,CHN,162,73,N,614,1315,65.0,636,103
2751,2014,CIN,162,76,N,595,1282,122.0,576,72
2752,2014,CLE,162,85,N,669,1411,104.0,581,116
2753,2014,COL,162,66,N,755,1551,85.0,770,106
2754,2014,DET,162,90,N,757,1557,106.0,648,101
2755,2014,HOU,162,70,N,629,1317,122.0,657,106
2756,2014,KCA,162,89,N,651,1456,153.0,565,104
2757,2014,LAA,162,98,N,773,1464,81.0,590,83
2758,2014,LAN,162,94,N,718,1476,138.0,554,107
2759,2014,MIA,162,77,N,645,1399,58.0,613,97
2760,2014,MIL,162,82,N,650,1366,102.0,594,99
2761,2014,MIN,162,70,N,715,1412,99.0,728,97
2762,2014,NYA,162,84,N,633,1349,112.0,605,92
2763,2014,NYN,162,79,N,629,1306,101.0,568,104
2764,2014,OAK,162,88,N,729,1354,83.0,524,111
2765,2014,PHI,162,73,N,619,1356,109.0,619,83
2766,2014,PIT,162,88,N,682,1436,104.0,562,109
2767,2014,SDN,162,77,N,535,1199,91.0,523,101
2768,2014,SEA,162,87,N,634,1328,96.0,512,82
2769,2014,SFN,162,88,Y,665,1407,56.0,564,100
2770,2014,SLN,162,90,N,619,1371,57.0,564,88
2771,2014,TBA,162,77,N,612,1361,63.0,579,88
2772,2014,TEX,162,67,N,637,1400,105.0,711,106
2773,2014,TOR,162,83,N,723,1435,78.0,642,87
2774,2014,WAS,162,96,N,686,1403,101.0,495,100
2775,2015,KCA,162,95,Y,724,1497,104.0,601,88
2776,2015,MIN,162,83,N,696,1349,70.0,653,86
2777,2015,CLE,161,81,N,669,1395,86.0,584,79
2778,2015,CHA,162,76,N,622,1381,68.0,643,101
2779,2015,DET,161,74,N,689,1515,83.0,746,86
2780,2015,TOR,162,93,N,891,1480,88.0,609,88
2781,2015,NYA,162,87,N,764,1397,63.0,652,93
2782,2015,BAL,162,81,N,713,1370,44.0,646,77
2783,2015,TBA,162,80,N,644,1383,87.0,604,95
2784,2015,BOS,162,78,N,748,1495,71.0,694,97
2785,2015,TEX,162,88,N,751,1419,101.0,680,119
2786,2015,HOU,162,86,N,729,1363,121.0,572,85
2787,2015,LAA,162,85,N,661,1331,52.0,630,93
2788,2015,SEA,162,76,N,656,1379,69.0,677,94
2789,2015,OAK,162,68,N,694,1405,78.0,664,126
2790,2015,SLN,162,100,N,647,1386,69.0,478,96
2791,2015,PIT,162,98,N,697,1462,98.0,532,122
2792,2015,CHN,162,97,N,689,1341,95.0,546,111
2793,2015,MIL,162,68,N,655,1378,84.0,682,116
2794,2015,CIN,162,64,N,640,1382,134.0,700,90
2795,2015,NYN,162,90,N,683,1351,51.0,557,88
2796,2015,WAS,162,83,N,703,1363,57.0,577,90
2797,2015,MIA,162,71,N,613,1420,112.0,638,77
2798,2015,ATL,162,67,N,573,1361,69.0,698,90
2799,2015,PHI,162,63,N,626,1374,88.0,749,117
2800,2015,LAN,162,92,N,667,1346,59.0,553,75
2801,2015,SFN,162,84,N,696,1486,93.0,597,78
2802,2015,ARI,162,79,N,720,1494,132.0,659,86
2803,2015,SDN,162,74,N,650,1324,82.0,655,92
2804,2015,COL,162,68,N,737,1479,97.0,799,95
